# 1-D Scan File created by LabVIEW Control Panel  2/12/2026  4:17:02 AM; Scan time 0 hrs 7 min 34 sec. 
#
# Beamline 20 BM
#
# User Comment:
# 50%He + 50%N2 I0, all N2 for It and Iref, 15% detuned, 5 mrad HR rejection mirror, focused beam. 21.5 degC
#
#
# Scan config: 
#                 E0: 8980.48 eV   445 points
#        Scan bounds:  -200.00 -30.00 40.00 855.51 (14.98 (k))
#       Scan step(s):  5.00 0.40 0.05
#  Integration times:  0.50 0.50 0.50    kwgt in EXAFS region: 0.5 
#
# Amplifier Sensitivities:
# Ipreslit: 10 nA/V  I0: 50 nA/V  It: 20 nA/V  Iref: 5 nA/V  CalDiode: 20 pA/V  
#
# Analog Input Voltages at start/end of scan:
# Ipreslit: 0.108/2.499  I0: 0.108/0.240  It: 0.109/0.305  Iref: 0.107/0.296  CalDiode: 0.234/0.238  
#
# Mono Info:
# 
#
# ID Info:
# 
#
# Slit Info:
# Vacuum Slits:  Center is at 0.0 (H), 0.0 (V)   Size is 1000.0 wide x 1000.0 high
#
# Motor Positions:
# SMV (20bm:m29): 24126.250000 SMH (20bm:m30): 36475.000000 WB Slit Width (20bm:m11): 0.699985 WB Slit Hgt. (20bm:m12): -60.559773 
#
# Detector Names/PVs:
# Ipreslit/20bm:scaler1_netA.B  I0/20bm:scaler1_netA.C  It/20bm:scaler1_netA.D  Iref/20bm:scaler1_netA.E  XMAP12B:DT Corr I0 /20xmap12b:DTCorrI0.VAL  
# XMAP12B:Total_Sum/20xmap12b:dxpCalc16.VAL  XMAP12B:MnKa_Sum/20xmap12b:dxpCalc2.VAL  XMAP12B:CuKa_Sum/20xmap12b:dxpCalc5.VAL  XMAP12B:CoKa_Sum/20xmap12b:dxpCalc1.VAL  XMAP12B:0:CoKa/20xmap12b:mca1.R0  
# XMAP12B:1:CoKa/20xmap12b:mca2.R0  XMAP12B:2:CoKa/20xmap12b:mca3.R0  XMAP12B:3:CoKa/20xmap12b:mca4.R0  XMAP12B:4:CoKa/20xmap12b:mca5.R0  XMAP12B:5:CoKa/20xmap12b:mca6.R0  
# XMAP12B:6:CoKa/20xmap12b:mca7.R0  XMAP12B:7:CoKa/20xmap12b:mca8.R0  XMAP12B:8:CoKa/20xmap12b:mca9.R0  XMAP12B:9:CoKa/20xmap12b:mca10.R0  XMAP12B:10:CoKa/20xmap12b:mca11.R0  
# XMAP12B:11:CoKa/20xmap12b:mca12.R0  XMAP12B:1:MnKa/20xmap12b:mca1.R1  XMAP12B:2:MnKa/20xmap12b:mca2.R1  XMAP12B:3:MnKa/20xmap12b:mca3.R1  XMAP12B:4:MnKa/20xmap12b:mca4.R1  
# XMAP12B:5:MnKa/20xmap12b:mca5.R1  XMAP12B:6:MnKa/20xmap12b:mca6.R1  XMAP12B:7:MnKa/20xmap12b:mca7.R1  XMAP12B:8:MnKa/20xmap12b:mca8.R1  XMAP12B:9:MnKa/20xmap12b:mca9.R1  
# XMAP12B:10:MnKa/20xmap12b:mca10.R1  XMAP12B:11:MnKa/20xmap12b:mca11.R1  XMAP12B:12:MnKa/20xmap12b:mca12.R1  XMAP12B:1:CuKa/20xmap12b:mca1.R4  XMAP12B:2:CuKa/20xmap12b:mca2.R4  
# XMAP12B:3:CuKa/20xmap12b:mca3.R4  XMAP12B:4:CuKa/20xmap12b:mca4.R4  XMAP12B:5:CuKa/20xmap12b:mca5.R4  XMAP12B:6:CuKa/20xmap12b:mca6.R4  XMAP12B:7:CuKa/20xmap12b:mca7.R4  
# XMAP12B:8:CuKa/20xmap12b:mca8.R4  XMAP12B:9:CuKa/20xmap12b:mca9.R4  XMAP12B:10:CuKa/20xmap12b:mca10.R4  XMAP12B:11:CuKa/20xmap12b:mca11.R4  XMAP12B:12:CuKa/20xmap12b:mca12.R4  
#
# Positioner names/Drive PVs/Readback PVs:
# Mono Energy */20bm:monoE.VAL/20bm:EnctoE.VAL  Scaler preset time */20bm:scaler1.TP/  
# Here is a readable list of column headings:
#  1) Mono Energy *        11) XMAP12B:CoKa_Sum     21) XMAP12B:9:CoKa       31) XMAP12B:8:MnKa       41) XMAP12B:6:CuKa       
#  2) Scaler preset time * 12) XMAP12B:0:CoKa       22) XMAP12B:10:CoKa      32) XMAP12B:9:MnKa       42) XMAP12B:7:CuKa       
#  3) Ipreslit             13) XMAP12B:1:CoKa       23) XMAP12B:11:CoKa      33) XMAP12B:10:MnKa      43) XMAP12B:8:CuKa       
#  4) I0                   14) XMAP12B:2:CoKa       24) XMAP12B:1:MnKa       34) XMAP12B:11:MnKa      44) XMAP12B:9:CuKa       
#  5) It                   15) XMAP12B:3:CoKa       25) XMAP12B:2:MnKa       35) XMAP12B:12:MnKa      45) XMAP12B:10:CuKa      
#  6) Iref                 16) XMAP12B:4:CoKa       26) XMAP12B:3:MnKa       36) XMAP12B:1:CuKa       46) XMAP12B:11:CuKa      
#  7) XMAP12B:DT Corr I0   17) XMAP12B:5:CoKa       27) XMAP12B:4:MnKa       37) XMAP12B:2:CuKa       47) XMAP12B:12:CuKa      
#  8) XMAP12B:Total_Sum    18) XMAP12B:6:CoKa       28) XMAP12B:5:MnKa       38) XMAP12B:3:CuKa       
#  9) XMAP12B:MnKa_Sum     19) XMAP12B:7:CoKa       29) XMAP12B:6:MnKa       39) XMAP12B:4:CuKa       
# 10) XMAP12B:CuKa_Sum     20) XMAP12B:8:CoKa       30) XMAP12B:7:MnKa       40) XMAP12B:5:CuKa       
#
# Column Headings:
#Mono Energy *        Scaler preset time * Ipreslit             I0                   It                   Iref                 XMAP12B:DT Corr I0   XMAP12B:Total_Sum    XMAP12B:MnKa_Sum     XMAP12B:CuKa_Sum     XMAP12B:CoKa_Sum     XMAP12B:0:CoKa       XMAP12B:1:CoKa       XMAP12B:2:CoKa       XMAP12B:3:CoKa       XMAP12B:4:CoKa       XMAP12B:5:CoKa       XMAP12B:6:CoKa       XMAP12B:7:CoKa       XMAP12B:8:CoKa       XMAP12B:9:CoKa       XMAP12B:10:CoKa      XMAP12B:11:CoKa      XMAP12B:1:MnKa       XMAP12B:2:MnKa       XMAP12B:3:MnKa       XMAP12B:4:MnKa       XMAP12B:5:MnKa       XMAP12B:6:MnKa       XMAP12B:7:MnKa       XMAP12B:8:MnKa       XMAP12B:9:MnKa       XMAP12B:10:MnKa      XMAP12B:11:MnKa      XMAP12B:12:MnKa      XMAP12B:1:CuKa       XMAP12B:2:CuKa       XMAP12B:3:CuKa       XMAP12B:4:CuKa       XMAP12B:5:CuKa       XMAP12B:6:CuKa       XMAP12B:7:CuKa       XMAP12B:8:CuKa       XMAP12B:9:CuKa       XMAP12B:10:CuKa      XMAP12B:11:CuKa      XMAP12B:12:CuKa      
        8774.46257909            0.50000000      1058391.25000000        60639.00000000       251366.09375000       530267.37500000        60598.02734375         1489.00000000           29.00000000          219.00000000           35.00000000            1.00000000            2.00000000            3.00000000            2.00000000            5.00000000            4.00000000            2.00000000            1.00000000            4.00000000            4.00000000            3.00000000            6.00000000            2.00000000            2.00000000            0.00000000            6.00000000            6.00000000            0.00000000            1.00000000            2.00000000            3.00000000            3.00000000            2.00000000            4.00000000           21.00000000           23.00000000            9.00000000           21.00000000           17.00000000           26.00000000           23.00000000           17.00000000           14.00000000           26.00000000           22.00000000           23.00000000 
        8779.91263536            0.50000000      1244068.25000000        71609.00000000       297308.09375000       630988.37500000        71548.61718750         1859.00000000           23.00000000          310.00000000           36.00000000            2.00000000            6.00000000            1.00000000            1.00000000            5.00000000            3.00000000            5.00000000            2.00000000            2.00000000            3.00000000            4.00000000            8.00000000            3.00000000            1.00000000            2.00000000            1.00000000            2.00000000            1.00000000            4.00000000            3.00000000            4.00000000            0.00000000            1.00000000            2.00000000           20.00000000           33.00000000           30.00000000           27.00000000           30.00000000           25.00000000           24.00000000           35.00000000           26.00000000           29.00000000           36.00000000           28.00000000 
        8784.63943080            0.50000000      1248250.25000000        71837.00000000       299229.09375000       635985.37500000        71775.90625000         1875.00000000           20.00000000          267.00000000           54.00000000            4.00000000            5.00000000            4.00000000            7.00000000            5.00000000            2.00000000            3.00000000            2.00000000            7.00000000            4.00000000            7.00000000            9.00000000            1.00000000            0.00000000            3.00000000            1.00000000            1.00000000            4.00000000            0.00000000            5.00000000            1.00000000            2.00000000            0.00000000            2.00000000           17.00000000           35.00000000           22.00000000           25.00000000           25.00000000           19.00000000           21.00000000           26.00000000           21.00000000           23.00000000           40.00000000           28.00000000 
        8789.82002286            0.50000000      1245150.25000000        71934.00000000       299183.09375000       636766.37500000        71872.00781250         1900.00000000           14.00000000          289.00000000           43.00000000            3.00000000            2.00000000            3.00000000            1.00000000            5.00000000            6.00000000            4.00000000            2.00000000            2.00000000            6.00000000            4.00000000            7.00000000            1.00000000            0.00000000            0.00000000            4.00000000            1.00000000            1.00000000            0.00000000            2.00000000            1.00000000            2.00000000            1.00000000            1.00000000           29.00000000           29.00000000           19.00000000           23.00000000           32.00000000           20.00000000           31.00000000           24.00000000           21.00000000           24.00000000           35.00000000           31.00000000 
        8794.77401316            0.50000000      1244203.25000000        72265.00000000       301711.09375000       642392.37500000        72201.51562500         1937.00000000           18.00000000          290.00000000           45.00000000            5.00000000            6.00000000            4.00000000            7.00000000            0.00000000            6.00000000            5.00000000            3.00000000            1.00000000            2.00000000            3.00000000            9.00000000            0.00000000            2.00000000            2.00000000            1.00000000            1.00000000            3.00000000            1.00000000            1.00000000            0.00000000            3.00000000            4.00000000            2.00000000           33.00000000           26.00000000           19.00000000           30.00000000           34.00000000           16.00000000           21.00000000           27.00000000           26.00000000           19.00000000           33.00000000           32.00000000 
        8799.98354214            0.50000000      1236720.25000000        72360.00000000       302597.09375000       645000.37500000        72297.41406250         1907.00000000           18.00000000          305.00000000           32.00000000            4.00000000            2.00000000            3.00000000            4.00000000            3.00000000            2.00000000            3.00000000            1.00000000            2.00000000            5.00000000            1.00000000            4.00000000            0.00000000            1.00000000            1.00000000            1.00000000            3.00000000            1.00000000            1.00000000            2.00000000            2.00000000            1.00000000            3.00000000            3.00000000           25.00000000           32.00000000           23.00000000           33.00000000           29.00000000           27.00000000           37.00000000           18.00000000           32.00000000           28.00000000           31.00000000           22.00000000 
        8804.81592001            0.50000000      1248471.25000000        72759.00000000       304486.09375000       649745.37500000        72695.04687500         1938.00000000            9.00000000          307.00000000           41.00000000            3.00000000            3.00000000            5.00000000            3.00000000            4.00000000            2.00000000            3.00000000            3.00000000            7.00000000            4.00000000            5.00000000            2.00000000            0.00000000            2.00000000            2.00000000            0.00000000            0.00000000            0.00000000            0.00000000            2.00000000            2.00000000            1.00000000            1.00000000            1.00000000           24.00000000           21.00000000           29.00000000           29.00000000           38.00000000           21.00000000           30.00000000           29.00000000           21.00000000           26.00000000           33.00000000           27.00000000 
        8810.07105895            0.50000000      1247534.25000000        72962.00000000       305752.09375000       653252.37500000        72895.62500000         2006.00000000           16.00000000          331.00000000           40.00000000            4.00000000            2.00000000            4.00000000            0.00000000            6.00000000            2.00000000            3.00000000            6.00000000            8.00000000            1.00000000            3.00000000            3.00000000            0.00000000            3.00000000            1.00000000            3.00000000            2.00000000            0.00000000            1.00000000            0.00000000            5.00000000            2.00000000            1.00000000            1.00000000           30.00000000           38.00000000           21.00000000           31.00000000           35.00000000           23.00000000           28.00000000           37.00000000           30.00000000           24.00000000           37.00000000           35.00000000 
        8814.94824397            0.50000000      1252094.25000000        73322.00000000       307471.09375000       657114.37500000        73252.97656250         2076.00000000           23.00000000          349.00000000           45.00000000            6.00000000            3.00000000            2.00000000            2.00000000            5.00000000            5.00000000            7.00000000            6.00000000            2.00000000            4.00000000            2.00000000            4.00000000            3.00000000            1.00000000            0.00000000            3.00000000            4.00000000            0.00000000            2.00000000            3.00000000            2.00000000            3.00000000            2.00000000            1.00000000           27.00000000           40.00000000           30.00000000           33.00000000           32.00000000           27.00000000           27.00000000           29.00000000           26.00000000           41.00000000           36.00000000           41.00000000 
        8820.23254249            0.50000000      1252133.25000000        73164.00000000       307468.09375000       658303.37500000        73095.92187500         2052.00000000           14.00000000          360.00000000           36.00000000            4.00000000            6.00000000            4.00000000            1.00000000            3.00000000            2.00000000            3.00000000            2.00000000            4.00000000            4.00000000            4.00000000            5.00000000            2.00000000            4.00000000            1.00000000            3.00000000            0.00000000            0.00000000            1.00000000            1.00000000            0.00000000            0.00000000            4.00000000            2.00000000           38.00000000           35.00000000           22.00000000           29.00000000           24.00000000           34.00000000           37.00000000           35.00000000           33.00000000           33.00000000           44.00000000           31.00000000 
        8825.10453452            0.50000000      1254083.25000000        73429.00000000       309153.09375000       662413.37500000        73358.25000000         2125.00000000           19.00000000          390.00000000           32.00000000            3.00000000            3.00000000            3.00000000            5.00000000            5.00000000            1.00000000            2.00000000            3.00000000            2.00000000            3.00000000            2.00000000            3.00000000            0.00000000            2.00000000            3.00000000            1.00000000            4.00000000            2.00000000            0.00000000            3.00000000            1.00000000            1.00000000            2.00000000            2.00000000           36.00000000           28.00000000           28.00000000           36.00000000           30.00000000           27.00000000           47.00000000           31.00000000           29.00000000           42.00000000           40.00000000           44.00000000 
        8830.35102641            0.50000000      1252846.25000000        73397.00000000       309317.09375000       663301.37500000        73329.92968750         2015.00000000           13.00000000          378.00000000           40.00000000            1.00000000            6.00000000            2.00000000            2.00000000            2.00000000            1.00000000            7.00000000            5.00000000            4.00000000            6.00000000            2.00000000            8.00000000            0.00000000            2.00000000            0.00000000            1.00000000            2.00000000            1.00000000            1.00000000            2.00000000            1.00000000            2.00000000            1.00000000            2.00000000           38.00000000           31.00000000           31.00000000           22.00000000           29.00000000           37.00000000           37.00000000           35.00000000           32.00000000           37.00000000           40.00000000           40.00000000 
        8835.10017433            0.50000000      1253636.25000000        73349.00000000       309813.09375000       665243.37500000        73277.49218750         2150.00000000           24.00000000          376.00000000           48.00000000            4.00000000            4.00000000            8.00000000            5.00000000            3.00000000            8.00000000            6.00000000            2.00000000            1.00000000            2.00000000            7.00000000            2.00000000            3.00000000            2.00000000            1.00000000            1.00000000            3.00000000            2.00000000            2.00000000            0.00000000            2.00000000            6.00000000            3.00000000            1.00000000           31.00000000           51.00000000           34.00000000           27.00000000           38.00000000           42.00000000           25.00000000           36.00000000           28.00000000           35.00000000           44.00000000           36.00000000 
        8840.30844210            0.50000000      1261036.25000000        73905.00000000       311696.09375000       670182.37500000        73831.95312500         2180.00000000           17.00000000          414.00000000           51.00000000            3.00000000            7.00000000            6.00000000            5.00000000            1.00000000            5.00000000            6.00000000            3.00000000            7.00000000            6.00000000            3.00000000            6.00000000            3.00000000            0.00000000            3.00000000            2.00000000            1.00000000            0.00000000            1.00000000            1.00000000            1.00000000            1.00000000            2.00000000            2.00000000           35.00000000           29.00000000           18.00000000           41.00000000           30.00000000           40.00000000           51.00000000           39.00000000           33.00000000           29.00000000           49.00000000           49.00000000 
        8845.16957126            0.50000000      1258074.25000000        73876.00000000       312604.09375000       672786.37500000        73802.14062500         2205.00000000           20.00000000          403.00000000           51.00000000            4.00000000            1.00000000            3.00000000            5.00000000            2.00000000            3.00000000           10.00000000            4.00000000            3.00000000            6.00000000            6.00000000            5.00000000            4.00000000            3.00000000            3.00000000            2.00000000            2.00000000            2.00000000            1.00000000            1.00000000            1.00000000            3.00000000            1.00000000            0.00000000           42.00000000           38.00000000           28.00000000           34.00000000           28.00000000           40.00000000           30.00000000           46.00000000           42.00000000           37.00000000           36.00000000           40.00000000 
        8850.32263313            0.50000000      1256169.25000000        73898.00000000       312878.09375000       673958.37500000        73823.21875000         2232.00000000           13.00000000          467.00000000           40.00000000            0.00000000            4.00000000            2.00000000            2.00000000            4.00000000            4.00000000            2.00000000           10.00000000            3.00000000            3.00000000            7.00000000            3.00000000            1.00000000            0.00000000            4.00000000            0.00000000            2.00000000            2.00000000            0.00000000            0.00000000            1.00000000            1.00000000            0.00000000            2.00000000           46.00000000           41.00000000           42.00000000           36.00000000           37.00000000           42.00000000           34.00000000           58.00000000           36.00000000           48.00000000           46.00000000           42.00000000 
        8855.19507497            0.50000000      1256720.25000000        73869.00000000       312812.09375000       674436.37500000        73792.47656250         2285.00000000           10.00000000          477.00000000           42.00000000            3.00000000            5.00000000            5.00000000            5.00000000            3.00000000            5.00000000            6.00000000            1.00000000            2.00000000            4.00000000            4.00000000            4.00000000            0.00000000            0.00000000            1.00000000            1.00000000            1.00000000            0.00000000            0.00000000            1.00000000            1.00000000            0.00000000            3.00000000            2.00000000           32.00000000           47.00000000           42.00000000           30.00000000           58.00000000           37.00000000           50.00000000           37.00000000           48.00000000           42.00000000           47.00000000           54.00000000 
        8860.44458344            0.50000000      1257693.25000000        73750.00000000       313443.09375000       676463.37500000        73672.70312500         2312.00000000           18.00000000          542.00000000           43.00000000            3.00000000            5.00000000            7.00000000            5.00000000            3.00000000            2.00000000            4.00000000            5.00000000            6.00000000            3.00000000            0.00000000            5.00000000            2.00000000            2.00000000            2.00000000            3.00000000            1.00000000            1.00000000            1.00000000            0.00000000            0.00000000            4.00000000            0.00000000            4.00000000           38.00000000           48.00000000           44.00000000           47.00000000           54.00000000           48.00000000           48.00000000           53.00000000           51.00000000           56.00000000           54.00000000           49.00000000 
        8865.31156389            0.50000000      1251809.25000000        73580.00000000       312653.09375000       675922.37500000        73501.28125000         2360.00000000           18.00000000          547.00000000           43.00000000            0.00000000            6.00000000            4.00000000            4.00000000            4.00000000            5.00000000            3.00000000            1.00000000            0.00000000            7.00000000            5.00000000           10.00000000            2.00000000            2.00000000            0.00000000            2.00000000            1.00000000            1.00000000            0.00000000            3.00000000            0.00000000            4.00000000            1.00000000            4.00000000           47.00000000           45.00000000           52.00000000           50.00000000           49.00000000           47.00000000           46.00000000           40.00000000           43.00000000           56.00000000           58.00000000           59.00000000 
        8870.52260431            0.50000000      1253022.25000000        73282.00000000       312601.09375000       675894.37500000        73201.54687500         2422.00000000           17.00000000          566.00000000           47.00000000            5.00000000            3.00000000            0.00000000            5.00000000            5.00000000            4.00000000            5.00000000            6.00000000            4.00000000            3.00000000            4.00000000            6.00000000            3.00000000            1.00000000            0.00000000            2.00000000            2.00000000            2.00000000            2.00000000            0.00000000            0.00000000            3.00000000            2.00000000            1.00000000           66.00000000           51.00000000           36.00000000           42.00000000           39.00000000           60.00000000           63.00000000           49.00000000           54.00000000           57.00000000           57.00000000           43.00000000 
        8875.43485265            0.50000000      1257637.25000000        73660.00000000       313639.09375000       678925.37500000        73576.14062500         2512.00000000           17.00000000          612.00000000           32.00000000            4.00000000            2.00000000            4.00000000            3.00000000            1.00000000            2.00000000            0.00000000            1.00000000            5.00000000            5.00000000            3.00000000            4.00000000            0.00000000            2.00000000            3.00000000            4.00000000            1.00000000            1.00000000            1.00000000            0.00000000            1.00000000            2.00000000            2.00000000            2.00000000           47.00000000           46.00000000           57.00000000           59.00000000           50.00000000           66.00000000           52.00000000           51.00000000           72.00000000           55.00000000           50.00000000           53.00000000 
        8880.53933543            0.50000000      1259052.25000000        73526.00000000       314232.09375000       680805.37500000        73441.12500000         2547.00000000           22.00000000          647.00000000           50.00000000            2.00000000            3.00000000            6.00000000           10.00000000            4.00000000            5.00000000            5.00000000            5.00000000            3.00000000            3.00000000            5.00000000            2.00000000            1.00000000            2.00000000            2.00000000            5.00000000            0.00000000            1.00000000            3.00000000            1.00000000            0.00000000            3.00000000            2.00000000            4.00000000           53.00000000           64.00000000           50.00000000           40.00000000           66.00000000           53.00000000           54.00000000           66.00000000           56.00000000           63.00000000           78.00000000           68.00000000 
        8885.36105206            0.50000000      1238122.25000000        72685.00000000       310728.09375000       673887.37500000        72597.51562500         2656.00000000           14.00000000          700.00000000           54.00000000            3.00000000            1.00000000            3.00000000            5.00000000            8.00000000            3.00000000            4.00000000            5.00000000            5.00000000            3.00000000           13.00000000            2.00000000            0.00000000            4.00000000            0.00000000            2.00000000            0.00000000            2.00000000            0.00000000            2.00000000            4.00000000            0.00000000            1.00000000            3.00000000           53.00000000           52.00000000           66.00000000           58.00000000           63.00000000           67.00000000           59.00000000           77.00000000           53.00000000           60.00000000           80.00000000           64.00000000 
        8890.37521715            0.50000000      1258007.25000000        73513.00000000       315122.09375000       684192.37500000        73422.29687500         2723.00000000           13.00000000          813.00000000           46.00000000            8.00000000            5.00000000            6.00000000            5.00000000            3.00000000            5.00000000            5.00000000            1.00000000            0.00000000            3.00000000            4.00000000            6.00000000            1.00000000            2.00000000            2.00000000            3.00000000            2.00000000            0.00000000            1.00000000            1.00000000            1.00000000            1.00000000            0.00000000            1.00000000           72.00000000           69.00000000           67.00000000           67.00000000           77.00000000           61.00000000           82.00000000           81.00000000           60.00000000           65.00000000           78.00000000          103.00000000 
        8895.44627253            0.50000000      1257986.25000000        73384.00000000       315504.09375000       685489.37500000        73288.28906250         2879.00000000           24.00000000          818.00000000           47.00000000            5.00000000            3.00000000            5.00000000            2.00000000            4.00000000            2.00000000            8.00000000            5.00000000            4.00000000            4.00000000            3.00000000            5.00000000            5.00000000            2.00000000            1.00000000            2.00000000            0.00000000            1.00000000            1.00000000            1.00000000            2.00000000            6.00000000            3.00000000            2.00000000           82.00000000           60.00000000           77.00000000           47.00000000           86.00000000           72.00000000           90.00000000           71.00000000           63.00000000           63.00000000           91.00000000           76.00000000 
        8900.59145483            0.50000000      1258541.25000000        73308.00000000       314977.09375000       685038.37500000        73213.84375000         2835.00000000           13.00000000          892.00000000           35.00000000            1.00000000            4.00000000            1.00000000            3.00000000            3.00000000            0.00000000            1.00000000            9.00000000            2.00000000            3.00000000            2.00000000           10.00000000            3.00000000            0.00000000            0.00000000            0.00000000            0.00000000            0.00000000            1.00000000            0.00000000            0.00000000            2.00000000            3.00000000            4.00000000           69.00000000           58.00000000           81.00000000           62.00000000           70.00000000           90.00000000           76.00000000           85.00000000           84.00000000           81.00000000           97.00000000           97.00000000 
        8905.53794350            0.50000000      1248827.25000000        73096.00000000       314211.09375000       683940.37500000        73000.99218750         2869.00000000           22.00000000          936.00000000           45.00000000            4.00000000            8.00000000            3.00000000            8.00000000            6.00000000            3.00000000            6.00000000            1.00000000            3.00000000            3.00000000            3.00000000            5.00000000            2.00000000            1.00000000            5.00000000            0.00000000            2.00000000            1.00000000            1.00000000            1.00000000            1.00000000            2.00000000            6.00000000            1.00000000           69.00000000           65.00000000           82.00000000           71.00000000           87.00000000           78.00000000           86.00000000           87.00000000           82.00000000           92.00000000          107.00000000           95.00000000 
        8910.35338964            0.50000000      1267279.25000000        74344.00000000       319908.09375000       696763.37500000        74237.26562500         3170.00000000           23.00000000         1053.00000000           43.00000000           10.00000000            6.00000000            4.00000000            2.00000000            1.00000000            2.00000000            4.00000000            7.00000000            3.00000000            3.00000000            5.00000000            2.00000000            2.00000000            3.00000000            4.00000000            4.00000000            1.00000000            1.00000000            2.00000000            1.00000000            1.00000000            2.00000000            3.00000000            2.00000000           92.00000000           80.00000000           88.00000000           88.00000000           90.00000000           88.00000000           91.00000000          100.00000000           94.00000000          108.00000000          105.00000000          109.00000000 
        8915.49917886            0.50000000      1257185.25000000        74448.00000000       320320.09375000       698257.37500000        74340.51562500         3188.00000000           27.00000000         1185.00000000           45.00000000            3.00000000            6.00000000            0.00000000            4.00000000            8.00000000            3.00000000            3.00000000            3.00000000            6.00000000            5.00000000            4.00000000            6.00000000            5.00000000            0.00000000            2.00000000            1.00000000            1.00000000            2.00000000            1.00000000            2.00000000            2.00000000            4.00000000            4.00000000            3.00000000          117.00000000           86.00000000           86.00000000          110.00000000           97.00000000          109.00000000          113.00000000          100.00000000          103.00000000          114.00000000          107.00000000          129.00000000 
        8920.39418562            0.50000000      1261193.25000000        74221.00000000       320367.09375000       699200.37500000        74106.91406250         3395.00000000           16.00000000         1273.00000000           56.00000000            9.00000000            6.00000000            4.00000000            2.00000000            4.00000000            5.00000000            3.00000000            6.00000000           10.00000000            7.00000000            3.00000000            3.00000000            2.00000000            3.00000000            3.00000000            3.00000000            0.00000000            0.00000000            1.00000000            1.00000000            0.00000000            1.00000000            4.00000000            1.00000000          110.00000000           99.00000000          119.00000000          114.00000000          117.00000000          105.00000000          109.00000000          122.00000000          113.00000000          105.00000000          124.00000000          135.00000000 
        8925.56902789            0.50000000      1259054.25000000        74173.00000000       320457.09375000       699645.37500000        74056.24218750         3477.00000000           23.00000000         1366.00000000           52.00000000            4.00000000            6.00000000            3.00000000            7.00000000            3.00000000            8.00000000            5.00000000            6.00000000            0.00000000            3.00000000            7.00000000            6.00000000            1.00000000            5.00000000            4.00000000            0.00000000            3.00000000            1.00000000            4.00000000            0.00000000            3.00000000            3.00000000            0.00000000            4.00000000          130.00000000          113.00000000          123.00000000           97.00000000          121.00000000          114.00000000          130.00000000          144.00000000          103.00000000          127.00000000          119.00000000          158.00000000 
        8930.35523591            0.50000000      1261817.25000000        74381.00000000       321083.09375000       701500.37500000        74254.82812500         3748.00000000           31.00000000         1608.00000000           54.00000000            2.00000000            4.00000000            2.00000000            7.00000000            3.00000000            6.00000000            8.00000000            8.00000000            4.00000000            4.00000000            4.00000000            6.00000000            2.00000000            2.00000000            1.00000000            0.00000000            5.00000000            1.00000000            8.00000000            4.00000000            2.00000000            4.00000000            2.00000000            2.00000000          129.00000000          111.00000000          160.00000000          142.00000000          147.00000000          115.00000000          156.00000000          155.00000000          156.00000000          149.00000000          154.00000000          145.00000000 
        8935.52475910            0.50000000      1259620.25000000        74000.00000000       320213.09375000       700023.37500000        73860.37500000         4171.00000000           23.00000000         1850.00000000           54.00000000            3.00000000            3.00000000            6.00000000            4.00000000           10.00000000            3.00000000            3.00000000            4.00000000            5.00000000            5.00000000            9.00000000            2.00000000            2.00000000            4.00000000            1.00000000            3.00000000            3.00000000            1.00000000            2.00000000            2.00000000            2.00000000            2.00000000            3.00000000            2.00000000          166.00000000          118.00000000          165.00000000          141.00000000          175.00000000          187.00000000          159.00000000          181.00000000          161.00000000          176.00000000          169.00000000          170.00000000 
        8940.39074389            0.50000000      1260533.25000000        73934.00000000       319725.09375000       699244.37500000        73785.11718750         4453.00000000           20.00000000         2124.00000000           58.00000000            5.00000000            1.00000000            5.00000000            5.00000000            3.00000000            5.00000000            7.00000000            4.00000000            6.00000000            7.00000000            4.00000000            7.00000000            3.00000000            2.00000000            1.00000000            1.00000000            2.00000000            3.00000000            2.00000000            1.00000000            2.00000000            1.00000000            3.00000000            1.00000000          162.00000000          131.00000000          178.00000000          190.00000000          213.00000000          196.00000000          177.00000000          194.00000000          190.00000000          187.00000000          239.00000000          198.00000000 
        8945.48607420            0.50000000      1263165.25000000        74269.00000000       321103.09375000       702122.37500000        74106.28125000         4847.00000000           29.00000000         2390.00000000           57.00000000            3.00000000            4.00000000            3.00000000            3.00000000            8.00000000            3.00000000            6.00000000           10.00000000            6.00000000            5.00000000            1.00000000            9.00000000            1.00000000            5.00000000            6.00000000            7.00000000            3.00000000            1.00000000            0.00000000            0.00000000            3.00000000            2.00000000            1.00000000            5.00000000          194.00000000          167.00000000          188.00000000          206.00000000          216.00000000          200.00000000          243.00000000          226.00000000          202.00000000          236.00000000          242.00000000          237.00000000 
        8945.96837333            0.50000000      1258388.25000000        73952.00000000       320835.09375000       701943.37500000        73790.47656250         4832.00000000           23.00000000         2455.00000000           44.00000000            4.00000000            3.00000000            4.00000000            3.00000000            2.00000000            6.00000000            5.00000000            8.00000000            1.00000000            4.00000000            2.00000000            5.00000000            0.00000000            1.00000000            1.00000000            1.00000000            4.00000000            2.00000000            2.00000000            3.00000000            1.00000000            3.00000000            3.00000000            3.00000000          198.00000000          177.00000000          207.00000000          188.00000000          222.00000000          230.00000000          234.00000000          237.00000000          212.00000000          228.00000000          232.00000000          267.00000000 
        8946.36458753            0.50000000      1261962.25000000        74108.00000000       320723.09375000       701432.37500000        73945.50000000         4851.00000000           22.00000000         2454.00000000           53.00000000            7.00000000            3.00000000            6.00000000            4.00000000            6.00000000            2.00000000            6.00000000            3.00000000            2.00000000            6.00000000            3.00000000            8.00000000            2.00000000            3.00000000            3.00000000            1.00000000            2.00000000            1.00000000            1.00000000            1.00000000            4.00000000            4.00000000            1.00000000            2.00000000          212.00000000          167.00000000          205.00000000          232.00000000          205.00000000          206.00000000          212.00000000          249.00000000          204.00000000          229.00000000          257.00000000          243.00000000 
        8946.76083772            0.50000000      1260580.25000000        73912.00000000       320538.09375000       701104.37500000        73748.30468750         4900.00000000           31.00000000         2485.00000000           55.00000000            7.00000000            7.00000000            3.00000000            6.00000000            5.00000000            2.00000000            8.00000000            5.00000000            5.00000000            1.00000000            6.00000000            7.00000000            3.00000000            2.00000000            3.00000000            2.00000000            3.00000000            0.00000000            4.00000000            2.00000000            3.00000000            2.00000000            3.00000000            6.00000000          206.00000000          190.00000000          211.00000000          203.00000000          234.00000000          231.00000000          232.00000000          245.00000000          226.00000000          217.00000000          243.00000000          237.00000000 
        8947.07097168            0.50000000      1260296.25000000        73995.00000000       320293.09375000       700223.37500000        73828.99218750         4964.00000000           21.00000000         2547.00000000           56.00000000            7.00000000            4.00000000            8.00000000            7.00000000            4.00000000            4.00000000            4.00000000            4.00000000            1.00000000            5.00000000            7.00000000            5.00000000            2.00000000            2.00000000            4.00000000            4.00000000            0.00000000            2.00000000            1.00000000            3.00000000            0.00000000            0.00000000            2.00000000            3.00000000          214.00000000          164.00000000          207.00000000          233.00000000          234.00000000          238.00000000          244.00000000          236.00000000          215.00000000          230.00000000          236.00000000          260.00000000 
        8947.38112769            0.50000000      1261841.25000000        73982.00000000       320394.09375000       700863.37500000        73817.35156250         4924.00000000           20.00000000         2531.00000000           59.00000000            2.00000000            6.00000000            4.00000000            3.00000000            4.00000000            2.00000000           10.00000000            7.00000000            3.00000000            7.00000000           13.00000000            4.00000000            0.00000000            4.00000000            2.00000000            2.00000000            6.00000000            0.00000000            3.00000000            0.00000000            1.00000000            1.00000000            2.00000000            3.00000000          206.00000000          187.00000000          205.00000000          213.00000000          236.00000000          224.00000000          225.00000000          247.00000000          243.00000000          225.00000000          251.00000000          256.00000000 
        8947.81193652            0.50000000      1260911.25000000        74145.00000000       321144.09375000       702754.37500000        73978.08593750         4981.00000000           26.00000000         2600.00000000           54.00000000            4.00000000            3.00000000            6.00000000            9.00000000            6.00000000            6.00000000            4.00000000            4.00000000            1.00000000            6.00000000            4.00000000            4.00000000            2.00000000            5.00000000            2.00000000            5.00000000            1.00000000            3.00000000            4.00000000            5.00000000            2.00000000            1.00000000            0.00000000            1.00000000          207.00000000          181.00000000          215.00000000          206.00000000          234.00000000          219.00000000          236.00000000          233.00000000          243.00000000          252.00000000          276.00000000          279.00000000 
        8948.32896329            0.50000000      1262796.25000000        74241.00000000       321294.09375000       703039.37500000        74074.27343750         4969.00000000           23.00000000         2560.00000000           54.00000000            4.00000000            6.00000000            2.00000000            6.00000000            6.00000000            5.00000000            7.00000000            4.00000000            3.00000000            7.00000000            6.00000000            4.00000000            1.00000000            2.00000000            1.00000000            1.00000000            3.00000000            4.00000000            3.00000000            2.00000000            2.00000000            1.00000000            1.00000000            4.00000000          224.00000000          168.00000000          200.00000000          222.00000000          237.00000000          244.00000000          225.00000000          242.00000000          214.00000000          225.00000000          259.00000000          268.00000000 
        8948.77710273            0.50000000      1264384.25000000        74187.00000000       321202.09375000       702753.37500000        74013.35937500         5180.00000000           30.00000000         2691.00000000           53.00000000            4.00000000            4.00000000            7.00000000            4.00000000            3.00000000            1.00000000           10.00000000            7.00000000            5.00000000            4.00000000            6.00000000            2.00000000            2.00000000            3.00000000            4.00000000            4.00000000            1.00000000            3.00000000            4.00000000            1.00000000            6.00000000            2.00000000            2.00000000            1.00000000          204.00000000          195.00000000          216.00000000          198.00000000          256.00000000          245.00000000          283.00000000          269.00000000          228.00000000          261.00000000          261.00000000          270.00000000 
        8949.17357215            0.50000000      1264413.25000000        74299.00000000       321594.09375000       703606.37500000        74127.83593750         5098.00000000           27.00000000         2681.00000000           44.00000000            2.00000000            5.00000000            1.00000000            6.00000000            2.00000000            5.00000000            2.00000000            5.00000000            7.00000000            5.00000000            2.00000000            7.00000000            2.00000000            3.00000000            3.00000000            4.00000000            3.00000000            3.00000000            2.00000000            2.00000000            1.00000000            1.00000000            4.00000000            2.00000000          256.00000000          171.00000000          241.00000000          200.00000000          238.00000000          222.00000000          261.00000000          242.00000000          234.00000000          269.00000000          262.00000000          256.00000000 
        8949.55283749            0.50000000      1263087.25000000        74384.00000000       321918.09375000       704066.37500000        74206.08593750         5294.00000000           38.00000000         2802.00000000           64.00000000            5.00000000            8.00000000            5.00000000           11.00000000            5.00000000            4.00000000            5.00000000            8.00000000            2.00000000            8.00000000            5.00000000            6.00000000            2.00000000            4.00000000            1.00000000            8.00000000            2.00000000            2.00000000            6.00000000            2.00000000            0.00000000            8.00000000            4.00000000            3.00000000          234.00000000          160.00000000          256.00000000          248.00000000          257.00000000          249.00000000          272.00000000          235.00000000          240.00000000          243.00000000          278.00000000          290.00000000 
        8949.96661910            0.50000000      1261638.25000000        74279.00000000       321822.09375000       703720.37500000        74102.17187500         5269.00000000           25.00000000         2815.00000000           52.00000000            3.00000000            2.00000000            2.00000000            5.00000000            4.00000000            2.00000000            7.00000000            4.00000000            4.00000000            5.00000000            7.00000000            9.00000000            3.00000000            3.00000000            1.00000000            2.00000000            4.00000000            1.00000000            3.00000000            3.00000000            0.00000000            3.00000000            3.00000000            2.00000000          237.00000000          181.00000000          256.00000000          212.00000000          235.00000000          262.00000000          238.00000000          278.00000000          278.00000000          271.00000000          296.00000000          252.00000000 
        8950.31146709            0.50000000      1262130.25000000        74421.00000000       322379.09375000       704983.37500000        74244.67187500         5244.00000000           30.00000000         2850.00000000           54.00000000            3.00000000            7.00000000            7.00000000           11.00000000            4.00000000            8.00000000            0.00000000            3.00000000            5.00000000            4.00000000            5.00000000            4.00000000            3.00000000            2.00000000            3.00000000            5.00000000            7.00000000            1.00000000            3.00000000            3.00000000            2.00000000            1.00000000            0.00000000            2.00000000          231.00000000          198.00000000          228.00000000          233.00000000          269.00000000          265.00000000          249.00000000          282.00000000          274.00000000          260.00000000          269.00000000          290.00000000 
        8950.65634233            0.50000000      1252562.25000000        74514.00000000       322667.09375000       706058.37500000        74333.03125000         5376.00000000           29.00000000         2872.00000000           45.00000000            4.00000000            9.00000000            2.00000000            2.00000000            1.00000000            4.00000000            5.00000000            6.00000000            4.00000000            6.00000000            6.00000000            5.00000000            1.00000000            5.00000000            1.00000000            4.00000000            2.00000000            5.00000000            4.00000000            4.00000000            1.00000000            1.00000000            3.00000000            3.00000000          252.00000000          192.00000000          231.00000000          249.00000000          251.00000000          285.00000000          279.00000000          263.00000000          241.00000000          259.00000000          264.00000000          298.00000000 
        8950.94950773            0.50000000      1250235.25000000        74683.00000000       322953.09375000       706519.37500000        74499.17968750         5449.00000000           28.00000000         3005.00000000           64.00000000            4.00000000            5.00000000            4.00000000           10.00000000            5.00000000            6.00000000            8.00000000            8.00000000            5.00000000            3.00000000            6.00000000            5.00000000            1.00000000            4.00000000            2.00000000            3.00000000            2.00000000            3.00000000            4.00000000            5.00000000            1.00000000            2.00000000            2.00000000            3.00000000          257.00000000          202.00000000          227.00000000          259.00000000          280.00000000          282.00000000          299.00000000          277.00000000          244.00000000          273.00000000          312.00000000          295.00000000 
        8951.34617461            0.50000000      1261947.25000000        74547.00000000       322551.09375000       705442.37500000        74365.78906250         5381.00000000           31.00000000         2851.00000000           50.00000000            6.00000000            7.00000000            8.00000000            7.00000000            5.00000000            5.00000000            3.00000000            3.00000000            2.00000000            2.00000000            4.00000000            5.00000000            3.00000000            2.00000000            4.00000000            0.00000000            4.00000000            3.00000000            0.00000000            4.00000000            4.00000000            4.00000000            2.00000000            3.00000000          242.00000000          220.00000000          254.00000000          221.00000000          248.00000000          265.00000000          236.00000000          289.00000000          243.00000000          283.00000000          275.00000000          295.00000000 
        8951.77737516            0.50000000      1266399.25000000        74410.00000000       322495.09375000       705673.37500000        74223.57812500         5547.00000000           28.00000000         3008.00000000           56.00000000           10.00000000            7.00000000            3.00000000            8.00000000            5.00000000            3.00000000            6.00000000            4.00000000            3.00000000            2.00000000            8.00000000            4.00000000            2.00000000            5.00000000            1.00000000            3.00000000            3.00000000            2.00000000            1.00000000            1.00000000            2.00000000            6.00000000            3.00000000            4.00000000          250.00000000          234.00000000          258.00000000          231.00000000          269.00000000          252.00000000          300.00000000          284.00000000          242.00000000          295.00000000          301.00000000          326.00000000 
        8952.22586894            0.50000000      1263073.25000000        74464.00000000       322523.09375000       705869.37500000        74277.07031250         5558.00000000           29.00000000         3022.00000000           60.00000000            2.00000000            5.00000000            5.00000000            6.00000000            2.00000000            7.00000000            6.00000000            7.00000000           12.00000000            7.00000000            4.00000000            2.00000000            3.00000000            2.00000000            0.00000000            8.00000000            3.00000000            1.00000000            3.00000000            2.00000000            1.00000000            3.00000000            1.00000000            4.00000000          243.00000000          174.00000000          246.00000000          268.00000000          279.00000000          272.00000000          301.00000000          284.00000000          234.00000000          263.00000000          298.00000000          334.00000000 
        8952.74341904            0.50000000      1265217.25000000        74270.00000000       321907.09375000       703961.37500000        74078.16406250         5720.00000000           28.00000000         3140.00000000           71.00000000            4.00000000            5.00000000            9.00000000           10.00000000            8.00000000            1.00000000            8.00000000            6.00000000            5.00000000            4.00000000            7.00000000            9.00000000            1.00000000            3.00000000            3.00000000            6.00000000            3.00000000            4.00000000            2.00000000            1.00000000            0.00000000            4.00000000            0.00000000            4.00000000          247.00000000          180.00000000          275.00000000          264.00000000          282.00000000          279.00000000          285.00000000          287.00000000          282.00000000          289.00000000          316.00000000          334.00000000 
        8953.15750331            0.50000000      1263774.25000000        74425.00000000       322077.09375000       704347.37500000        74235.56250000         5636.00000000           39.00000000         3094.00000000           69.00000000            7.00000000            3.00000000            6.00000000            5.00000000            3.00000000            5.00000000            5.00000000           10.00000000            5.00000000            7.00000000            7.00000000            9.00000000            0.00000000            3.00000000            3.00000000            7.00000000            5.00000000            3.00000000            3.00000000            5.00000000            0.00000000            2.00000000            4.00000000            7.00000000          262.00000000          235.00000000          254.00000000          238.00000000          273.00000000          280.00000000          310.00000000          282.00000000          264.00000000          279.00000000          317.00000000          335.00000000 
        8953.58888287            0.50000000      1265459.25000000        74419.00000000       322049.09375000       704501.37500000        74229.31250000         5644.00000000           38.00000000         3143.00000000           49.00000000            7.00000000            7.00000000            6.00000000            3.00000000            4.00000000            3.00000000            3.00000000            5.00000000            4.00000000            8.00000000            3.00000000            3.00000000            2.00000000            1.00000000            3.00000000            2.00000000            3.00000000            5.00000000            2.00000000            4.00000000            1.00000000            6.00000000            6.00000000            4.00000000          253.00000000          232.00000000          276.00000000          251.00000000          287.00000000          257.00000000          350.00000000          287.00000000          267.00000000          270.00000000          342.00000000          303.00000000 
        8953.86498817            0.50000000      1264679.25000000        74360.00000000       321522.09375000       703512.37500000        74166.66406250         5758.00000000           24.00000000         3218.00000000           63.00000000            5.00000000            3.00000000            5.00000000            6.00000000            6.00000000            3.00000000            5.00000000            8.00000000            5.00000000            5.00000000            6.00000000            9.00000000            1.00000000            1.00000000            4.00000000            4.00000000            2.00000000            2.00000000            0.00000000            3.00000000            4.00000000            3.00000000            1.00000000            0.00000000          289.00000000          199.00000000          248.00000000          271.00000000          300.00000000          301.00000000          282.00000000          305.00000000          287.00000000          294.00000000          326.00000000          315.00000000 
        8954.19288589            0.50000000      1258157.25000000        74540.00000000       322603.09375000       705383.37500000        74345.68750000         5773.00000000           28.00000000         3247.00000000           57.00000000            9.00000000            9.00000000            9.00000000            5.00000000            3.00000000            4.00000000            8.00000000            4.00000000            4.00000000            3.00000000            3.00000000            5.00000000            1.00000000            4.00000000            0.00000000            3.00000000            3.00000000            2.00000000            2.00000000            0.00000000            2.00000000            7.00000000            5.00000000            3.00000000          268.00000000          221.00000000          270.00000000          276.00000000          284.00000000          305.00000000          315.00000000          295.00000000          275.00000000          323.00000000          325.00000000          311.00000000 
        8954.58984767            0.50000000      1264272.25000000        74408.00000000       322314.09375000       705089.37500000        74204.12500000         6070.00000000           33.00000000         3392.00000000           52.00000000            5.00000000            8.00000000            2.00000000            4.00000000            4.00000000           10.00000000            2.00000000            6.00000000            8.00000000            3.00000000            3.00000000            5.00000000            2.00000000            3.00000000            3.00000000            3.00000000            4.00000000            2.00000000            3.00000000            3.00000000            4.00000000            2.00000000            7.00000000            0.00000000          291.00000000          209.00000000          285.00000000          261.00000000          296.00000000          311.00000000          326.00000000          327.00000000          303.00000000          324.00000000          321.00000000          347.00000000 
        8955.09041615            0.50000000      1265787.25000000        74443.00000000       322002.09375000       704105.37500000        74239.59375000         6053.00000000           36.00000000         3359.00000000           57.00000000           10.00000000            7.00000000            6.00000000            7.00000000            3.00000000            5.00000000            1.00000000            6.00000000            1.00000000            7.00000000            5.00000000            6.00000000            1.00000000            1.00000000            1.00000000            3.00000000            5.00000000            4.00000000            2.00000000            5.00000000            3.00000000            6.00000000            1.00000000            5.00000000          264.00000000          205.00000000          263.00000000          290.00000000          305.00000000          314.00000000          319.00000000          298.00000000          321.00000000          321.00000000          304.00000000          360.00000000 
        8955.59104203            0.50000000      1265974.25000000        74526.00000000       321839.09375000       703694.37500000        74321.89843750         6067.00000000           19.00000000         3449.00000000           56.00000000            3.00000000            7.00000000            4.00000000            1.00000000            7.00000000            4.00000000            7.00000000            6.00000000            6.00000000            7.00000000            3.00000000            8.00000000            1.00000000            0.00000000            1.00000000            0.00000000            3.00000000            3.00000000            3.00000000            2.00000000            0.00000000            0.00000000            5.00000000            1.00000000          281.00000000          218.00000000          293.00000000          297.00000000          297.00000000          318.00000000          332.00000000          339.00000000          302.00000000          298.00000000          357.00000000          335.00000000 
        8955.97086548            0.50000000      1262016.25000000        74459.00000000       322335.09375000       704654.37500000        74251.28125000         6181.00000000           27.00000000         3535.00000000           55.00000000            6.00000000            6.00000000            3.00000000            4.00000000            8.00000000            6.00000000            8.00000000            5.00000000            3.00000000            4.00000000            5.00000000            3.00000000            1.00000000            3.00000000            4.00000000            1.00000000            1.00000000            5.00000000            2.00000000            3.00000000            1.00000000            4.00000000            2.00000000            3.00000000          266.00000000          236.00000000          305.00000000          307.00000000          362.00000000          305.00000000          340.00000000          347.00000000          302.00000000          312.00000000          348.00000000          341.00000000 
        8956.38525602            0.50000000      1257947.25000000        74386.00000000       321912.09375000       703391.37500000        74176.21875000         6249.00000000           38.00000000         3528.00000000           43.00000000            0.00000000            6.00000000           10.00000000            5.00000000            3.00000000            2.00000000            5.00000000            2.00000000            5.00000000            3.00000000            2.00000000            6.00000000            1.00000000            5.00000000            2.00000000            3.00000000            2.00000000            4.00000000            5.00000000            5.00000000            4.00000000            3.00000000            9.00000000            0.00000000          306.00000000          228.00000000          311.00000000          300.00000000          300.00000000          329.00000000          346.00000000          324.00000000          292.00000000          322.00000000          328.00000000          370.00000000 
        8956.81695466            0.50000000      1263975.25000000        74362.00000000       321420.09375000       702772.37500000        74149.21875000         6341.00000000           28.00000000         3687.00000000           62.00000000            3.00000000            1.00000000            4.00000000            9.00000000            4.00000000            5.00000000            4.00000000            9.00000000            8.00000000            9.00000000            3.00000000            4.00000000            2.00000000            1.00000000            2.00000000            4.00000000            3.00000000            2.00000000            3.00000000            1.00000000            3.00000000            3.00000000            1.00000000            4.00000000          267.00000000          233.00000000          311.00000000          299.00000000          330.00000000          316.00000000          357.00000000          339.00000000          330.00000000          383.00000000          359.00000000          396.00000000 
        8957.16234430            0.50000000      1264377.25000000        74400.00000000       321509.09375000       702645.37500000        74182.17968750         6489.00000000           32.00000000         3746.00000000           60.00000000            5.00000000            6.00000000            5.00000000            8.00000000            3.00000000            5.00000000           10.00000000            7.00000000            4.00000000            4.00000000            6.00000000            3.00000000            1.00000000            2.00000000            4.00000000            5.00000000            4.00000000            2.00000000            7.00000000            0.00000000            1.00000000            2.00000000            2.00000000            4.00000000          297.00000000          242.00000000          313.00000000          312.00000000          312.00000000          357.00000000          382.00000000          338.00000000          325.00000000          354.00000000          376.00000000          380.00000000 
        8957.52503283            0.50000000      1264014.25000000        74491.00000000       321976.09375000       703805.37500000        74276.67968750         6376.00000000           29.00000000         3650.00000000           77.00000000           11.00000000            5.00000000            6.00000000            6.00000000            7.00000000            4.00000000            8.00000000            1.00000000            6.00000000            8.00000000           11.00000000            9.00000000            4.00000000            2.00000000            1.00000000            6.00000000            4.00000000            0.00000000            3.00000000            2.00000000            0.00000000            3.00000000            2.00000000            4.00000000          284.00000000          235.00000000          307.00000000          310.00000000          329.00000000          340.00000000          380.00000000          334.00000000          311.00000000          328.00000000          357.00000000          370.00000000 
        8957.81865989            0.50000000      1263430.25000000        74387.00000000       321692.09375000       703098.37500000        74171.14843750         6431.00000000           33.00000000         3675.00000000           68.00000000            8.00000000            5.00000000            8.00000000            8.00000000            5.00000000            4.00000000           11.00000000            4.00000000            0.00000000            7.00000000            9.00000000            4.00000000            2.00000000            3.00000000            0.00000000            4.00000000            4.00000000            2.00000000            3.00000000            3.00000000            3.00000000            2.00000000            8.00000000            2.00000000          304.00000000          237.00000000          313.00000000          284.00000000          320.00000000          342.00000000          332.00000000          370.00000000          316.00000000          328.00000000          372.00000000          394.00000000 
        8958.23322582            0.50000000      1259322.25000000        74540.00000000       322039.09375000       703473.37500000        74316.29687500         6653.00000000           32.00000000         3874.00000000           59.00000000            8.00000000            8.00000000            3.00000000            6.00000000            7.00000000            5.00000000            4.00000000            4.00000000            5.00000000            4.00000000            7.00000000            6.00000000            2.00000000            4.00000000            1.00000000            3.00000000            2.00000000            4.00000000            4.00000000            2.00000000            4.00000000            2.00000000            3.00000000            5.00000000          314.00000000          257.00000000          324.00000000          313.00000000          372.00000000          334.00000000          375.00000000          376.00000000          310.00000000          381.00000000          398.00000000          377.00000000 
        8958.59600330            0.50000000      1263436.25000000        74345.00000000       321713.09375000       703074.37500000        74120.61718750         6691.00000000           38.00000000         3999.00000000           56.00000000            2.00000000            7.00000000            5.00000000            6.00000000            9.00000000            3.00000000            8.00000000            2.00000000            4.00000000            9.00000000            2.00000000            6.00000000            3.00000000            1.00000000            6.00000000            4.00000000            3.00000000            4.00000000            5.00000000            1.00000000            5.00000000            3.00000000            2.00000000            2.00000000          339.00000000          272.00000000          337.00000000          343.00000000          353.00000000          351.00000000          408.00000000          388.00000000          337.00000000          335.00000000          395.00000000          413.00000000 
        8959.07975348            0.50000000      1261993.25000000        74453.00000000       321867.09375000       703133.37500000        74223.78906250         6826.00000000           31.00000000         4042.00000000           57.00000000            7.00000000            7.00000000            7.00000000            4.00000000            3.00000000            7.00000000            8.00000000            4.00000000            3.00000000            6.00000000            2.00000000            6.00000000            1.00000000            0.00000000            2.00000000            3.00000000            2.00000000            5.00000000            3.00000000            1.00000000            5.00000000            5.00000000            2.00000000            2.00000000          374.00000000          269.00000000          328.00000000          349.00000000          404.00000000          342.00000000          360.00000000          365.00000000          306.00000000          391.00000000          430.00000000          393.00000000 
        8959.49443915            0.50000000      1257814.25000000        74456.00000000       321764.09375000       702994.37500000        74218.89062500         7063.00000000           31.00000000         4205.00000000           58.00000000            5.00000000           10.00000000            5.00000000           10.00000000            4.00000000            4.00000000            9.00000000            3.00000000            3.00000000            2.00000000            8.00000000            5.00000000            1.00000000            3.00000000            2.00000000            6.00000000            6.00000000            3.00000000            1.00000000            2.00000000            0.00000000            3.00000000            5.00000000            2.00000000          381.00000000          267.00000000          368.00000000          322.00000000          364.00000000          382.00000000          401.00000000          401.00000000          360.00000000          386.00000000          409.00000000          431.00000000 
        8959.99557019            0.50000000      1261693.25000000        74371.00000000       321298.09375000       701626.37500000        74134.89062500         7041.00000000           35.00000000         4219.00000000           68.00000000            5.00000000            6.00000000            7.00000000            3.00000000            7.00000000           10.00000000            4.00000000            7.00000000            5.00000000            5.00000000            1.00000000           14.00000000            2.00000000            3.00000000            1.00000000            6.00000000            3.00000000            6.00000000            2.00000000            1.00000000            0.00000000            5.00000000            6.00000000            3.00000000          368.00000000          287.00000000          374.00000000          352.00000000          376.00000000          368.00000000          410.00000000          387.00000000          373.00000000          371.00000000          400.00000000          440.00000000 
        8960.39305983            0.50000000      1263189.25000000        74294.00000000       321092.09375000       701020.37500000        74054.07812500         7163.00000000           34.00000000         4358.00000000           75.00000000           10.00000000            4.00000000            7.00000000           12.00000000            3.00000000            9.00000000            4.00000000            8.00000000            2.00000000            5.00000000            7.00000000            8.00000000            3.00000000            1.00000000            1.00000000            4.00000000            3.00000000            5.00000000            2.00000000            2.00000000            1.00000000            5.00000000            6.00000000            2.00000000          375.00000000          292.00000000          372.00000000          351.00000000          395.00000000          399.00000000          402.00000000          428.00000000          386.00000000          407.00000000          423.00000000          420.00000000 
        8960.72144812            0.50000000      1257995.25000000        74489.00000000       321714.09375000       702526.37500000        74249.11718750         7143.00000000           32.00000000         4352.00000000           69.00000000            9.00000000            5.00000000            3.00000000            7.00000000            6.00000000            5.00000000           10.00000000            8.00000000            2.00000000            5.00000000            5.00000000            9.00000000            3.00000000            2.00000000            2.00000000            5.00000000            2.00000000            2.00000000            4.00000000            1.00000000            2.00000000            5.00000000            3.00000000            3.00000000          371.00000000          325.00000000          353.00000000          367.00000000          399.00000000          426.00000000          411.00000000          371.00000000          387.00000000          403.00000000          424.00000000          440.00000000 
        8961.06714667            0.50000000      1259496.25000000        74608.00000000       321843.09375000       702398.37500000        74362.66406250         7295.00000000           28.00000000         4389.00000000           65.00000000            6.00000000            6.00000000            6.00000000            5.00000000           10.00000000            8.00000000            6.00000000            3.00000000            4.00000000            6.00000000            7.00000000            4.00000000            1.00000000            5.00000000            3.00000000            3.00000000            1.00000000            4.00000000            2.00000000            1.00000000            2.00000000            3.00000000            5.00000000            3.00000000          393.00000000          280.00000000          372.00000000          356.00000000          382.00000000          393.00000000          374.00000000          398.00000000          376.00000000          405.00000000          481.00000000          459.00000000 
        8961.39558563            0.50000000      1262473.25000000        74575.00000000       322153.09375000       703222.37500000        74325.67187500         7418.00000000           37.00000000         4577.00000000           67.00000000            5.00000000            8.00000000            6.00000000            4.00000000            7.00000000            5.00000000            9.00000000           10.00000000            6.00000000            6.00000000            5.00000000            4.00000000            3.00000000            6.00000000            3.00000000            4.00000000            2.00000000            5.00000000            6.00000000            1.00000000            2.00000000            5.00000000            1.00000000            5.00000000          356.00000000          280.00000000          375.00000000          403.00000000          394.00000000          432.00000000          441.00000000          396.00000000          394.00000000          417.00000000          479.00000000          490.00000000 
        8961.93151275            0.50000000      1259685.25000000        74717.00000000       321995.09375000       702769.37500000        74466.35937500         7443.00000000           39.00000000         4433.00000000           67.00000000            2.00000000           10.00000000            6.00000000            9.00000000            1.00000000           10.00000000            5.00000000            6.00000000            4.00000000           11.00000000            5.00000000            8.00000000            2.00000000            2.00000000            2.00000000            4.00000000            2.00000000            6.00000000            6.00000000            3.00000000            4.00000000            6.00000000            2.00000000            2.00000000          373.00000000          306.00000000          385.00000000          395.00000000          405.00000000          425.00000000          421.00000000          399.00000000          373.00000000          397.00000000          410.00000000          450.00000000 
        8962.36375992            0.50000000      1257299.25000000        74535.00000000       321848.09375000       702281.37500000        74277.14843750         7678.00000000           40.00000000         4748.00000000           72.00000000            7.00000000            6.00000000            4.00000000            6.00000000            7.00000000            8.00000000            6.00000000            8.00000000            7.00000000            5.00000000            9.00000000            5.00000000            0.00000000            3.00000000            2.00000000            4.00000000            6.00000000            4.00000000            5.00000000            4.00000000            2.00000000            3.00000000            7.00000000            3.00000000          414.00000000          329.00000000          382.00000000          360.00000000          423.00000000          438.00000000          456.00000000          412.00000000          436.00000000          465.00000000          479.00000000          483.00000000 
        8962.77875744            0.50000000      1262133.25000000        74355.00000000       320858.09375000       700127.37500000        74088.73437500         7950.00000000           44.00000000         4996.00000000           74.00000000            1.00000000            3.00000000           15.00000000            7.00000000            9.00000000            4.00000000            5.00000000            5.00000000            7.00000000            8.00000000            7.00000000            6.00000000            7.00000000            2.00000000            4.00000000            1.00000000            1.00000000            7.00000000            3.00000000            3.00000000            1.00000000            7.00000000            6.00000000            4.00000000          441.00000000          331.00000000          430.00000000          376.00000000          460.00000000          456.00000000          446.00000000          495.00000000          410.00000000          482.00000000          503.00000000          497.00000000 
        8963.15920646            0.50000000      1262452.25000000        74138.00000000       320234.09375000       698927.37500000        73869.73437500         8034.00000000           50.00000000         5041.00000000           69.00000000            6.00000000           10.00000000            6.00000000            6.00000000            6.00000000            9.00000000            6.00000000            5.00000000           11.00000000            3.00000000            5.00000000            6.00000000            2.00000000            2.00000000            5.00000000            6.00000000            8.00000000            5.00000000            1.00000000            6.00000000            4.00000000            2.00000000            6.00000000            5.00000000          419.00000000          302.00000000          472.00000000          407.00000000          464.00000000          454.00000000          481.00000000          447.00000000          445.00000000          451.00000000          477.00000000          524.00000000 
        8963.53968860            0.50000000      1258234.25000000        74256.00000000       319854.09375000       697412.37500000        73981.37500000         8213.00000000           37.00000000         5196.00000000           72.00000000            6.00000000            6.00000000            7.00000000            6.00000000            4.00000000            5.00000000            9.00000000            9.00000000            7.00000000            5.00000000            4.00000000           10.00000000            1.00000000            2.00000000            1.00000000            6.00000000            1.00000000            5.00000000            1.00000000            6.00000000            3.00000000            2.00000000            7.00000000            4.00000000          428.00000000          316.00000000          421.00000000          396.00000000          475.00000000          484.00000000          500.00000000          525.00000000          469.00000000          449.00000000          537.00000000          512.00000000 
        8963.97209489            0.50000000      1261578.25000000        74318.00000000       320114.09375000       697712.37500000        74041.98437500         8248.00000000           37.00000000         5239.00000000           55.00000000            4.00000000            3.00000000            3.00000000            6.00000000            3.00000000            7.00000000            6.00000000            5.00000000            7.00000000            6.00000000            4.00000000            4.00000000            3.00000000            1.00000000            3.00000000            5.00000000            1.00000000            2.00000000            2.00000000            2.00000000            3.00000000            8.00000000            4.00000000            4.00000000          444.00000000          379.00000000          482.00000000          419.00000000          487.00000000          430.00000000          503.00000000          482.00000000          440.00000000          487.00000000          532.00000000          533.00000000 
        8964.31805073            0.50000000      1263344.25000000        74261.00000000       319919.09375000       697508.37500000        73982.94531250         8316.00000000           33.00000000         5262.00000000           79.00000000            9.00000000            7.00000000            3.00000000           10.00000000            5.00000000            6.00000000            7.00000000            7.00000000            7.00000000           11.00000000            7.00000000            7.00000000            6.00000000            3.00000000            3.00000000            4.00000000            3.00000000            4.00000000            4.00000000            0.00000000            1.00000000            2.00000000            4.00000000            2.00000000          463.00000000          320.00000000          430.00000000          450.00000000          474.00000000          506.00000000          491.00000000          489.00000000          448.00000000          484.00000000          524.00000000          503.00000000 
        8964.62943440            0.50000000      1257735.25000000        74361.00000000       320255.09375000       698104.37500000        74069.10937500         8722.00000000           34.00000000         5545.00000000           68.00000000            3.00000000           13.00000000            5.00000000            8.00000000            4.00000000            7.00000000            6.00000000            4.00000000            3.00000000           10.00000000            7.00000000           11.00000000            0.00000000            6.00000000            3.00000000            3.00000000            5.00000000            2.00000000            1.00000000            1.00000000            5.00000000            5.00000000            6.00000000            3.00000000          441.00000000          342.00000000          445.00000000          463.00000000          486.00000000          525.00000000          540.00000000          502.00000000          478.00000000          497.00000000          566.00000000          602.00000000 
        8964.94084025            0.50000000      1259935.25000000        74557.00000000       321046.09375000       699375.37500000        74262.14843750         8788.00000000           34.00000000         5551.00000000           64.00000000            8.00000000            5.00000000            6.00000000            8.00000000            9.00000000            7.00000000            1.00000000            4.00000000           11.00000000            4.00000000            4.00000000            2.00000000            1.00000000            2.00000000            3.00000000            3.00000000            4.00000000            5.00000000            3.00000000            2.00000000            4.00000000            3.00000000            5.00000000            1.00000000          490.00000000          370.00000000          450.00000000          470.00000000          490.00000000          492.00000000          531.00000000          523.00000000          493.00000000          506.00000000          531.00000000          575.00000000 
        8965.35608258            0.50000000      1258166.25000000        74379.00000000       319929.09375000       697311.37500000        74078.09375000         8992.00000000           49.00000000         5843.00000000           72.00000000            3.00000000           10.00000000            9.00000000            5.00000000            6.00000000            5.00000000            7.00000000            9.00000000            4.00000000            8.00000000            6.00000000           10.00000000            4.00000000            5.00000000            2.00000000            4.00000000            7.00000000            8.00000000            4.00000000            4.00000000            4.00000000            7.00000000            5.00000000            0.00000000          464.00000000          348.00000000          487.00000000          478.00000000          540.00000000          556.00000000          523.00000000          556.00000000          505.00000000          554.00000000          593.00000000          587.00000000 
        8965.80597295            0.50000000      1259601.25000000        74231.00000000       319368.09375000       695574.37500000        73928.94531250         9045.00000000           39.00000000         5909.00000000           60.00000000            0.00000000            3.00000000            4.00000000            7.00000000            7.00000000            6.00000000            7.00000000            7.00000000            4.00000000            7.00000000            5.00000000            6.00000000            3.00000000            2.00000000            3.00000000            1.00000000            1.00000000            3.00000000            5.00000000            3.00000000            5.00000000            6.00000000            5.00000000            4.00000000          474.00000000          397.00000000          469.00000000          459.00000000          518.00000000          568.00000000          576.00000000          557.00000000          541.00000000          521.00000000          601.00000000          625.00000000 
        8966.32513477            0.50000000      1253677.25000000        74021.00000000       318423.09375000       693058.37500000        73705.13281250         9490.00000000           44.00000000         6088.00000000           73.00000000            9.00000000            8.00000000            8.00000000            7.00000000            7.00000000            7.00000000            5.00000000            7.00000000            6.00000000            8.00000000            5.00000000            4.00000000            3.00000000            3.00000000            2.00000000            7.00000000            4.00000000            2.00000000            8.00000000            3.00000000            5.00000000            1.00000000            3.00000000            6.00000000          531.00000000          365.00000000          514.00000000          484.00000000          531.00000000          555.00000000          595.00000000          576.00000000          541.00000000          573.00000000          599.00000000          589.00000000 
        8966.77512489            0.50000000      1251833.25000000        73855.00000000       317479.09375000       690622.37500000        73537.31250000         9567.00000000           37.00000000         6282.00000000           72.00000000           12.00000000            6.00000000            4.00000000            6.00000000            4.00000000           11.00000000            7.00000000            7.00000000            4.00000000            4.00000000            8.00000000            5.00000000            5.00000000            4.00000000            3.00000000            7.00000000            2.00000000            2.00000000            5.00000000            1.00000000            1.00000000            3.00000000            6.00000000            2.00000000          520.00000000          430.00000000          508.00000000          514.00000000          555.00000000          535.00000000          593.00000000          597.00000000          587.00000000          581.00000000          645.00000000          647.00000000 
        8967.24247135            0.50000000      1251843.25000000        73465.00000000       315071.09375000       685034.37500000        73144.71093750         9698.00000000           44.00000000         6428.00000000           77.00000000           10.00000000            9.00000000            5.00000000            3.00000000           10.00000000            5.00000000            8.00000000            5.00000000            5.00000000           11.00000000           13.00000000            2.00000000            3.00000000            1.00000000            6.00000000            6.00000000            5.00000000            0.00000000            6.00000000            4.00000000            3.00000000            1.00000000            3.00000000            7.00000000          558.00000000          409.00000000          515.00000000          544.00000000          571.00000000          568.00000000          622.00000000          590.00000000          557.00000000          623.00000000          636.00000000          644.00000000 
        8967.57137474            0.50000000      1255645.25000000        73467.00000000       315541.09375000       685693.37500000        73136.08593750        10023.00000000           45.00000000         6667.00000000           66.00000000            4.00000000            7.00000000            4.00000000            8.00000000            6.00000000            9.00000000            8.00000000            5.00000000            6.00000000            6.00000000            5.00000000            5.00000000            3.00000000            6.00000000            5.00000000            4.00000000            3.00000000            4.00000000            4.00000000            2.00000000            2.00000000            6.00000000            5.00000000            7.00000000          579.00000000          453.00000000          588.00000000          525.00000000          590.00000000          623.00000000          600.00000000          618.00000000          558.00000000          636.00000000          673.00000000          677.00000000 
        8967.91761556            0.50000000      1257505.25000000        73854.00000000       317018.09375000       688711.37500000        73520.49218750        10049.00000000           49.00000000         6670.00000000           71.00000000            8.00000000           13.00000000            7.00000000            7.00000000            5.00000000            4.00000000            8.00000000            3.00000000           11.00000000            4.00000000            5.00000000            9.00000000            2.00000000            6.00000000            2.00000000            5.00000000            5.00000000            2.00000000            7.00000000            5.00000000            5.00000000            6.00000000            7.00000000            3.00000000          569.00000000          472.00000000          593.00000000          536.00000000          614.00000000          606.00000000          603.00000000          601.00000000          568.00000000          638.00000000          648.00000000          694.00000000 
        8968.26388381            0.50000000      1245920.25000000        74390.00000000       318775.09375000       692339.37500000        74036.36718750        10585.00000000           45.00000000         6988.00000000           88.00000000           10.00000000           12.00000000            6.00000000            7.00000000            5.00000000           10.00000000           11.00000000            5.00000000            7.00000000            9.00000000           11.00000000            7.00000000            5.00000000            4.00000000            3.00000000            9.00000000            1.00000000            2.00000000            7.00000000            2.00000000            4.00000000            1.00000000            6.00000000            5.00000000          547.00000000          409.00000000          600.00000000          574.00000000          636.00000000          595.00000000          637.00000000          685.00000000          621.00000000          666.00000000          724.00000000          703.00000000 
        8968.67944190            0.50000000      1257339.25000000        74530.00000000       319213.09375000       692868.37500000        74170.01562500        10757.00000000           45.00000000         7238.00000000           70.00000000            6.00000000            5.00000000            5.00000000           11.00000000           11.00000000            6.00000000            4.00000000            5.00000000            1.00000000            8.00000000            5.00000000            8.00000000            3.00000000            5.00000000            9.00000000            3.00000000            4.00000000            5.00000000            6.00000000            2.00000000            5.00000000            2.00000000            3.00000000            3.00000000          599.00000000          501.00000000          620.00000000          626.00000000          634.00000000          677.00000000          663.00000000          680.00000000          592.00000000          696.00000000          746.00000000          705.00000000 
        8969.21626290            0.50000000      1260965.25000000        74633.00000000       319670.09375000       693428.37500000        74256.63281250        11237.00000000           50.00000000         7607.00000000           78.00000000            5.00000000            8.00000000            9.00000000            9.00000000            8.00000000            6.00000000            2.00000000            3.00000000           11.00000000            7.00000000           13.00000000            5.00000000            0.00000000            2.00000000            7.00000000            7.00000000            3.00000000            3.00000000            2.00000000            4.00000000            6.00000000            4.00000000            5.00000000            9.00000000          639.00000000          463.00000000          620.00000000          619.00000000          657.00000000          712.00000000          726.00000000          706.00000000          696.00000000          728.00000000          729.00000000          775.00000000 
        8969.61459203            0.50000000      1268030.25000000        74755.00000000       319374.09375000       692494.37500000        74371.28906250        11440.00000000           45.00000000         7769.00000000           91.00000000            9.00000000           10.00000000            5.00000000            6.00000000            8.00000000            8.00000000            9.00000000            7.00000000           14.00000000            9.00000000           11.00000000            5.00000000            8.00000000            5.00000000            4.00000000            2.00000000            5.00000000            2.00000000            9.00000000            4.00000000            1.00000000            2.00000000            4.00000000            4.00000000          598.00000000          488.00000000          654.00000000          639.00000000          708.00000000          683.00000000          744.00000000          720.00000000          640.00000000          744.00000000          816.00000000          823.00000000 
        8970.03027851            0.50000000      1257783.25000000        74635.00000000       319012.09375000       690566.37500000        74236.04687500        11920.00000000           36.00000000         8108.00000000           85.00000000            9.00000000            5.00000000           10.00000000            8.00000000            8.00000000            9.00000000           12.00000000            6.00000000            3.00000000            5.00000000            8.00000000            7.00000000            1.00000000            8.00000000            7.00000000            4.00000000            0.00000000            3.00000000            2.00000000            4.00000000            1.00000000            5.00000000            6.00000000            3.00000000          681.00000000          531.00000000          672.00000000          637.00000000          725.00000000          733.00000000          760.00000000          739.00000000          740.00000000          761.00000000          807.00000000          853.00000000 
        8970.41135916            0.50000000      1264174.25000000        74420.00000000       317838.09375000       687972.37500000        74012.91406250        12202.00000000           61.00000000         8454.00000000           93.00000000            6.00000000            7.00000000            3.00000000           13.00000000           14.00000000            3.00000000           11.00000000            7.00000000            8.00000000            9.00000000            9.00000000           10.00000000            4.00000000            2.00000000            8.00000000            5.00000000           11.00000000            5.00000000            5.00000000            4.00000000            4.00000000            6.00000000            4.00000000            5.00000000          717.00000000          529.00000000          703.00000000          635.00000000          723.00000000          810.00000000          819.00000000          790.00000000          722.00000000          814.00000000          843.00000000          878.00000000 
        8970.86177002            0.50000000      1263285.25000000        74118.00000000       316609.09375000       684779.37500000        73700.11718750        12582.00000000           55.00000000         8663.00000000           80.00000000            6.00000000            9.00000000            6.00000000           11.00000000            8.00000000            5.00000000            8.00000000            4.00000000            8.00000000            9.00000000           11.00000000            4.00000000            7.00000000            6.00000000            6.00000000            4.00000000            2.00000000            5.00000000            6.00000000            4.00000000            1.00000000           10.00000000            6.00000000            4.00000000          724.00000000          554.00000000          704.00000000          741.00000000          778.00000000          776.00000000          792.00000000          869.00000000          768.00000000          793.00000000          851.00000000          867.00000000 
        8971.17362009            0.50000000      1261283.25000000        74214.00000000       316019.09375000       682714.37500000        73771.88281250        13305.00000000           51.00000000         9325.00000000           89.00000000            5.00000000            5.00000000            8.00000000            8.00000000            5.00000000           11.00000000            5.00000000            9.00000000            8.00000000            8.00000000           11.00000000           11.00000000            1.00000000            4.00000000            7.00000000            9.00000000            1.00000000            3.00000000            6.00000000            4.00000000            4.00000000            5.00000000            4.00000000            7.00000000          778.00000000          617.00000000          787.00000000          779.00000000          845.00000000          911.00000000          863.00000000          858.00000000          798.00000000          812.00000000          934.00000000          960.00000000 
        8971.52014625            0.50000000      1260244.25000000        74303.00000000       315934.09375000       681709.37500000        73861.92968750        13257.00000000           50.00000000         9287.00000000           90.00000000            3.00000000            9.00000000            5.00000000           11.00000000            7.00000000           12.00000000            9.00000000           12.00000000            3.00000000           13.00000000            9.00000000            6.00000000            5.00000000            2.00000000            4.00000000            5.00000000            1.00000000            4.00000000            5.00000000            7.00000000            8.00000000            6.00000000            2.00000000            3.00000000          858.00000000          591.00000000          764.00000000          740.00000000          800.00000000          808.00000000          930.00000000          929.00000000          764.00000000          860.00000000          884.00000000          950.00000000 
        8971.81471507            0.50000000      1258215.25000000        74250.00000000       315889.09375000       681404.37500000        73789.63281250        13856.00000000           57.00000000         9742.00000000           94.00000000           12.00000000            7.00000000            5.00000000            7.00000000            8.00000000            8.00000000            7.00000000            5.00000000           11.00000000            7.00000000           11.00000000           13.00000000            5.00000000            6.00000000            6.00000000           13.00000000            1.00000000            6.00000000            5.00000000            2.00000000            6.00000000            7.00000000            3.00000000            3.00000000          812.00000000          601.00000000          816.00000000          782.00000000          863.00000000          864.00000000          907.00000000          944.00000000          909.00000000          940.00000000          969.00000000          936.00000000 
        8972.21328094            0.50000000      1260988.25000000        74409.00000000       316178.09375000       681077.37500000        73931.35937500        14353.00000000           63.00000000        10124.00000000          101.00000000            4.00000000           12.00000000            6.00000000           10.00000000            8.00000000            9.00000000           11.00000000           13.00000000           10.00000000            6.00000000           17.00000000            7.00000000            8.00000000            3.00000000            5.00000000            7.00000000            4.00000000            8.00000000           12.00000000            5.00000000            2.00000000            2.00000000            6.00000000            4.00000000          862.00000000          599.00000000          867.00000000          820.00000000          912.00000000          895.00000000          920.00000000          941.00000000          884.00000000          944.00000000         1027.00000000         1052.00000000 
        8972.59455184            0.50000000      1261792.25000000        74415.00000000       315737.09375000       679189.37500000        73927.42968750        14655.00000000           56.00000000        10387.00000000           94.00000000            5.00000000           11.00000000            9.00000000           11.00000000            5.00000000            5.00000000           14.00000000            6.00000000            7.00000000            7.00000000            9.00000000           16.00000000            4.00000000           11.00000000            7.00000000            3.00000000            4.00000000            6.00000000            7.00000000            7.00000000            0.00000000            6.00000000            8.00000000            4.00000000          899.00000000          698.00000000          847.00000000          836.00000000          930.00000000          963.00000000          955.00000000          976.00000000          918.00000000          916.00000000         1073.00000000         1074.00000000 
        8973.07985377            0.50000000      1257631.25000000        74592.00000000       315376.09375000       676956.37500000        74072.98437500        15579.00000000           75.00000000        11190.00000000           80.00000000            4.00000000            4.00000000            7.00000000            7.00000000            5.00000000            9.00000000            6.00000000            9.00000000            5.00000000           11.00000000            4.00000000           13.00000000           10.00000000            4.00000000            6.00000000            9.00000000            6.00000000            7.00000000            6.00000000            9.00000000            4.00000000            5.00000000            8.00000000            5.00000000          959.00000000          739.00000000          942.00000000          985.00000000         1013.00000000         1010.00000000         1029.00000000         1037.00000000          990.00000000         1017.00000000         1133.00000000         1075.00000000 
        8973.56520954            0.50000000      1251938.25000000        74596.00000000       314753.09375000       674476.37500000        74049.57031250        16416.00000000           75.00000000        11753.00000000          122.00000000           10.00000000            7.00000000           13.00000000           13.00000000           11.00000000           11.00000000           17.00000000           10.00000000           15.00000000            6.00000000           10.00000000            6.00000000            7.00000000            6.00000000            3.00000000            7.00000000            7.00000000            7.00000000            8.00000000            5.00000000            2.00000000           17.00000000            3.00000000            9.00000000          956.00000000          831.00000000         1038.00000000          982.00000000         1032.00000000         1063.00000000         1084.00000000         1100.00000000         1079.00000000         1110.00000000         1113.00000000         1196.00000000 
        8973.99860842            0.50000000      1262195.25000000        74492.00000000       313642.09375000       670104.37500000        73920.23437500        17216.00000000           82.00000000        12533.00000000          118.00000000            5.00000000           10.00000000            7.00000000           11.00000000           14.00000000           17.00000000           10.00000000            9.00000000            9.00000000           14.00000000           14.00000000            8.00000000            6.00000000            9.00000000            9.00000000           10.00000000            5.00000000            6.00000000           12.00000000            8.00000000            9.00000000            5.00000000            2.00000000           10.00000000         1051.00000000          810.00000000         1045.00000000         1040.00000000         1176.00000000         1099.00000000         1099.00000000         1190.00000000         1119.00000000         1129.00000000         1315.00000000         1270.00000000 
        8974.39737330            0.50000000      1261069.25000000        74567.00000000       312887.09375000       666754.37500000        73950.65625000        18567.00000000           74.00000000        13426.00000000          106.00000000            8.00000000            7.00000000            8.00000000           12.00000000           10.00000000            8.00000000           13.00000000           12.00000000            7.00000000           14.00000000            5.00000000            9.00000000            6.00000000            4.00000000            8.00000000            7.00000000            7.00000000            1.00000000            8.00000000            5.00000000            5.00000000            5.00000000            7.00000000           15.00000000         1081.00000000          848.00000000         1079.00000000         1151.00000000         1257.00000000         1200.00000000         1240.00000000         1224.00000000         1210.00000000         1206.00000000         1359.00000000         1419.00000000 
        8974.74415491            0.50000000      1260339.25000000        74468.00000000       312036.09375000       663631.37500000        73841.14062500        18916.00000000           77.00000000        13900.00000000          123.00000000            7.00000000            7.00000000            8.00000000            7.00000000            8.00000000           13.00000000           13.00000000           12.00000000            9.00000000           17.00000000           12.00000000           17.00000000           10.00000000            6.00000000           10.00000000            7.00000000            8.00000000            7.00000000            9.00000000            2.00000000            2.00000000            5.00000000            6.00000000           11.00000000         1155.00000000          868.00000000         1135.00000000         1095.00000000         1231.00000000         1287.00000000         1350.00000000         1370.00000000         1196.00000000         1297.00000000         1374.00000000         1410.00000000 
        8975.05628186            0.50000000      1260896.25000000        74716.00000000       311859.09375000       661417.37500000        74053.96875000        19933.00000000           82.00000000        14532.00000000          111.00000000            9.00000000           13.00000000            8.00000000           16.00000000           14.00000000            9.00000000           10.00000000            7.00000000            8.00000000           19.00000000            4.00000000            7.00000000            9.00000000            5.00000000            9.00000000           12.00000000            2.00000000            9.00000000            7.00000000            6.00000000            7.00000000            6.00000000            6.00000000            9.00000000         1160.00000000          908.00000000         1230.00000000         1187.00000000         1280.00000000         1368.00000000         1435.00000000         1335.00000000         1285.00000000         1359.00000000         1398.00000000         1495.00000000 
        8975.43780059            0.50000000      1257805.25000000        74492.00000000       310331.09375000       655330.37500000        73803.82031250        20802.00000000           67.00000000        15382.00000000          116.00000000            9.00000000           11.00000000            9.00000000            9.00000000           10.00000000            9.00000000            8.00000000            9.00000000            9.00000000           17.00000000           14.00000000           13.00000000            2.00000000            5.00000000            5.00000000            8.00000000            9.00000000            1.00000000            9.00000000            6.00000000            6.00000000            6.00000000            7.00000000            8.00000000         1271.00000000         1031.00000000         1322.00000000         1224.00000000         1363.00000000         1345.00000000         1510.00000000         1395.00000000         1396.00000000         1480.00000000         1523.00000000         1553.00000000 
        8975.95810702            0.50000000      1258155.25000000        74751.00000000       309119.09375000       648637.37500000        73988.53906250        23022.00000000           72.00000000        17327.00000000          126.00000000           13.00000000           10.00000000            8.00000000           10.00000000           13.00000000           13.00000000           16.00000000           12.00000000           13.00000000            7.00000000           11.00000000           10.00000000            6.00000000            3.00000000            6.00000000           12.00000000            9.00000000            2.00000000            7.00000000            1.00000000            3.00000000           11.00000000           12.00000000            3.00000000         1466.00000000         1073.00000000         1499.00000000         1335.00000000         1572.00000000         1568.00000000         1660.00000000         1582.00000000         1493.00000000         1627.00000000         1734.00000000         1791.00000000 
        8976.42643570            0.50000000      1261446.25000000        74676.00000000       306831.09375000       639213.37500000        73859.28125000        24730.00000000          113.00000000        18586.00000000          136.00000000           12.00000000           15.00000000           11.00000000           18.00000000           12.00000000           11.00000000           10.00000000            7.00000000           13.00000000           14.00000000           14.00000000           14.00000000            6.00000000           12.00000000           10.00000000           14.00000000           16.00000000           12.00000000            6.00000000            6.00000000            9.00000000           14.00000000           11.00000000            9.00000000         1453.00000000         1204.00000000         1536.00000000         1534.00000000         1664.00000000         1635.00000000         1781.00000000         1854.00000000         1706.00000000         1717.00000000         1855.00000000         1851.00000000 
        8976.80807390            0.50000000      1259385.25000000        74499.00000000       304157.09375000       626609.37500000        73593.83593750        27555.00000000          117.00000000        20829.00000000          149.00000000            8.00000000            9.00000000           10.00000000           27.00000000            7.00000000           11.00000000           11.00000000           15.00000000           16.00000000            8.00000000           23.00000000           13.00000000            9.00000000           11.00000000            7.00000000           11.00000000           14.00000000           16.00000000           13.00000000           10.00000000            6.00000000           10.00000000           12.00000000            9.00000000         1782.00000000         1279.00000000         1718.00000000         1669.00000000         1859.00000000         1852.00000000         1970.00000000         1945.00000000         1816.00000000         1961.00000000         2086.00000000         2171.00000000 
        8977.18974538            0.50000000      1259013.25000000        74531.00000000       301735.09375000       613027.37500000        73528.42968750        30604.00000000          137.00000000        23297.00000000          146.00000000           11.00000000           11.00000000           17.00000000            9.00000000           15.00000000           10.00000000            8.00000000           17.00000000           12.00000000           16.00000000           20.00000000           11.00000000           16.00000000            3.00000000           15.00000000           17.00000000           13.00000000            6.00000000           11.00000000            8.00000000           12.00000000           17.00000000            9.00000000           13.00000000         1978.00000000         1525.00000000         2008.00000000         1865.00000000         2096.00000000         2046.00000000         2149.00000000         2330.00000000         2073.00000000         2093.00000000         2292.00000000         2367.00000000 
        8977.58880115            0.50000000      1259353.25000000        74641.00000000       298034.09375000       593825.37500000        73527.28125000        34068.00000000          127.00000000        26039.00000000          167.00000000           14.00000000           19.00000000           11.00000000           11.00000000           17.00000000           16.00000000           20.00000000           13.00000000            7.00000000           24.00000000           21.00000000           13.00000000           14.00000000            9.00000000            9.00000000           14.00000000           11.00000000            8.00000000           13.00000000            8.00000000           11.00000000           17.00000000           13.00000000            9.00000000         2178.00000000         1678.00000000         2209.00000000         2126.00000000         2259.00000000         2331.00000000         2525.00000000         2455.00000000         2225.00000000         2371.00000000         2641.00000000         2719.00000000 
        8977.97054072            0.50000000      1260467.25000000        74582.00000000       294039.09375000       571292.37500000        73359.23437500        37566.00000000          131.00000000        29017.00000000          185.00000000           15.00000000           15.00000000           20.00000000           20.00000000           13.00000000            9.00000000           27.00000000           18.00000000            7.00000000           17.00000000           23.00000000           16.00000000           12.00000000           16.00000000           11.00000000           19.00000000           12.00000000           14.00000000            8.00000000           15.00000000           11.00000000           13.00000000            6.00000000           10.00000000         2385.00000000         1913.00000000         2458.00000000         2312.00000000         2628.00000000         2684.00000000         2779.00000000         2671.00000000         2530.00000000         2659.00000000         2911.00000000         3000.00000000 
        8978.31760558            0.50000000      1256328.25000000        74618.00000000       290275.09375000       547535.37500000        73253.83593750        42079.00000000          153.00000000        32607.00000000          184.00000000           13.00000000           22.00000000           14.00000000           16.00000000           21.00000000           11.00000000           16.00000000           17.00000000           19.00000000           19.00000000           27.00000000           11.00000000           11.00000000           11.00000000           15.00000000           22.00000000           15.00000000           11.00000000           19.00000000           10.00000000           10.00000000           16.00000000           15.00000000            9.00000000         2753.00000000         2058.00000000         2722.00000000         2699.00000000         2893.00000000         3015.00000000         3116.00000000         3057.00000000         2729.00000000         3015.00000000         3298.00000000         3310.00000000 
        8978.57792228            0.50000000      1256869.25000000        74638.00000000       284811.09375000       517202.40625000        73110.82812500        47337.00000000          171.00000000        36914.00000000          223.00000000           14.00000000           14.00000000           19.00000000           34.00000000           25.00000000           11.00000000           16.00000000           16.00000000           18.00000000           24.00000000           29.00000000           17.00000000           16.00000000           13.00000000           12.00000000           18.00000000           19.00000000            9.00000000           18.00000000           23.00000000           11.00000000           16.00000000           16.00000000           13.00000000         3086.00000000         2453.00000000         2936.00000000         2949.00000000         3354.00000000         3442.00000000         3458.00000000         3526.00000000         3220.00000000         3475.00000000         3762.00000000         3706.00000000 
        8978.95974812            0.50000000      1252975.25000000        74603.00000000       276117.09375000       470430.40625000        72782.44531250        56975.00000000          177.00000000        44828.00000000          275.00000000           28.00000000           25.00000000           22.00000000           25.00000000           30.00000000           31.00000000           24.00000000           23.00000000           13.00000000           25.00000000           27.00000000           27.00000000           12.00000000           10.00000000           13.00000000           23.00000000           18.00000000           13.00000000           17.00000000           18.00000000            8.00000000           16.00000000           28.00000000           11.00000000         3713.00000000         2758.00000000         3728.00000000         3722.00000000         4161.00000000         4021.00000000         4210.00000000         4179.00000000         3802.00000000         4126.00000000         4488.00000000         4678.00000000 
        8979.34160725            0.50000000      1259270.25000000        74818.00000000       261657.09375000       407065.40625000        72576.48437500        70824.00000000          262.00000000        55851.00000000          324.00000000           21.00000000           33.00000000           24.00000000           39.00000000           31.00000000           23.00000000           40.00000000           31.00000000           24.00000000           28.00000000           39.00000000           24.00000000           24.00000000           13.00000000           23.00000000           30.00000000           26.00000000           18.00000000           25.00000000           20.00000000           27.00000000           24.00000000           26.00000000           19.00000000         4569.00000000         3534.00000000         4614.00000000         4684.00000000         5016.00000000         5039.00000000         5337.00000000         5153.00000000         4976.00000000         5177.00000000         5657.00000000         5629.00000000 
        8979.86237794            0.50000000      1256066.25000000        74507.00000000       236412.09375000       332370.40625000        71570.32812500        95049.00000000          373.00000000        75351.00000000          442.00000000           26.00000000           34.00000000           42.00000000           42.00000000           34.00000000           34.00000000           47.00000000           38.00000000           27.00000000           49.00000000           61.00000000           42.00000000           37.00000000           21.00000000           36.00000000           32.00000000           29.00000000           38.00000000           44.00000000           36.00000000           31.00000000           26.00000000           35.00000000           29.00000000         6282.00000000         4890.00000000         6356.00000000         6326.00000000         6846.00000000         6726.00000000         7019.00000000         7160.00000000         6548.00000000         7027.00000000         7430.00000000         7631.00000000 
        8980.31376265            0.50000000      1257427.25000000        74523.00000000       208165.09375000       273018.40625000        70740.07812500       125054.00000000          415.00000000        99672.00000000          502.00000000           38.00000000           44.00000000           37.00000000           54.00000000           43.00000000           42.00000000           59.00000000           39.00000000           39.00000000           56.00000000           47.00000000           48.00000000           25.00000000           42.00000000           30.00000000           51.00000000           43.00000000           38.00000000           34.00000000           44.00000000           28.00000000           38.00000000           44.00000000           40.00000000         8310.00000000         6385.00000000         8438.00000000         8222.00000000         8873.00000000         8879.00000000         9494.00000000         9174.00000000         8800.00000000         9107.00000000        10062.00000000        10313.00000000 
        8980.81728510            0.50000000      1259172.25000000        74427.00000000       172753.09375000       215359.40625000        69709.53906250       159295.00000000          519.00000000       127096.00000000          680.00000000           49.00000000           69.00000000           60.00000000           68.00000000           59.00000000           54.00000000           77.00000000           52.00000000           58.00000000           67.00000000           75.00000000           61.00000000           30.00000000           39.00000000           40.00000000           56.00000000           38.00000000           41.00000000           49.00000000           51.00000000           29.00000000           73.00000000           55.00000000           57.00000000        10520.00000000         8396.00000000        10647.00000000        10544.00000000        11379.00000000        11452.00000000        11871.00000000        11995.00000000        11453.00000000        11815.00000000        12584.00000000        12836.00000000 
        8981.18194096            0.50000000      1258073.25000000        74520.00000000       148588.09375000       180848.40625000        69164.21875000       182610.00000000          607.00000000       145775.00000000          783.00000000           65.00000000           57.00000000           57.00000000           83.00000000           76.00000000           50.00000000           77.00000000           83.00000000           48.00000000           69.00000000          100.00000000           75.00000000           35.00000000           45.00000000           46.00000000           72.00000000           60.00000000           41.00000000           68.00000000           42.00000000           39.00000000           72.00000000           69.00000000           63.00000000        12030.00000000         9510.00000000        12402.00000000        12119.00000000        12934.00000000        13241.00000000        13829.00000000        13597.00000000        12994.00000000        13570.00000000        14455.00000000        14604.00000000 
        8981.54662719            0.50000000      1253671.25000000        74434.00000000       132370.09375000       159362.40625000        68606.86718750       200287.00000000          650.00000000       159638.00000000          836.00000000           68.00000000           78.00000000           78.00000000           74.00000000           80.00000000           71.00000000           80.00000000           72.00000000           78.00000000           71.00000000           88.00000000           76.00000000           54.00000000           44.00000000           62.00000000           76.00000000           69.00000000           42.00000000           52.00000000           50.00000000           44.00000000           60.00000000           67.00000000           74.00000000        13176.00000000        10268.00000000        13538.00000000        13197.00000000        14114.00000000        14323.00000000        15163.00000000        14870.00000000        14248.00000000        14938.00000000        16025.00000000        16046.00000000 
        8981.84187161            0.50000000      1260131.25000000        74371.00000000       125244.10156250       150582.40625000        68412.53125000       205334.00000000          728.00000000       163712.00000000          813.00000000           51.00000000           84.00000000           98.00000000          102.00000000           63.00000000           57.00000000           88.00000000           69.00000000           71.00000000           78.00000000           72.00000000           64.00000000           61.00000000           49.00000000           54.00000000           83.00000000           70.00000000           57.00000000           72.00000000           68.00000000           44.00000000           79.00000000           79.00000000           61.00000000        13853.00000000        10631.00000000        13904.00000000        13532.00000000        14581.00000000        14863.00000000        15411.00000000        15269.00000000        14477.00000000        15091.00000000        16448.00000000        16283.00000000 
        8982.20661280            0.50000000      1260022.25000000        74325.00000000       124394.10156250       150405.40625000        68341.57812500       206395.00000000          640.00000000       164675.00000000          871.00000000           69.00000000           61.00000000           76.00000000           76.00000000           86.00000000           75.00000000           92.00000000           85.00000000           72.00000000           81.00000000           90.00000000           69.00000000           32.00000000           60.00000000           58.00000000           85.00000000           59.00000000           46.00000000           63.00000000           50.00000000           52.00000000           68.00000000           68.00000000           59.00000000        13925.00000000        10613.00000000        13916.00000000        13700.00000000        14659.00000000        14991.00000000        15571.00000000        15474.00000000        14360.00000000        15310.00000000        16238.00000000        16531.00000000 
        8982.62349707            0.50000000      1257695.25000000        74399.00000000       128909.10156250       157257.40625000        68477.51562500       203882.00000000          672.00000000       162686.00000000          865.00000000           55.00000000           72.00000000           57.00000000          102.00000000           75.00000000           70.00000000           86.00000000           79.00000000           64.00000000           85.00000000           98.00000000           94.00000000           53.00000000           58.00000000           49.00000000           99.00000000           50.00000000           48.00000000           76.00000000           62.00000000           42.00000000           65.00000000           66.00000000           62.00000000        13376.00000000        10324.00000000        13661.00000000        13321.00000000        14626.00000000        14879.00000000        15250.00000000        15331.00000000        14630.00000000        15115.00000000        16006.00000000        16491.00000000 
        8983.16203132            0.50000000      1260283.25000000        74565.00000000       138968.09375000       170848.40625000        68896.08593750       194061.00000000          701.00000000       154442.00000000          846.00000000           62.00000000           58.00000000           80.00000000           83.00000000           62.00000000           67.00000000           88.00000000           85.00000000           57.00000000           78.00000000          102.00000000           82.00000000           58.00000000           39.00000000           50.00000000           91.00000000           67.00000000           54.00000000           71.00000000           50.00000000           39.00000000           77.00000000           80.00000000           64.00000000        12655.00000000         9782.00000000        12919.00000000        12598.00000000        13848.00000000        14221.00000000        14425.00000000        14653.00000000        13699.00000000        14430.00000000        15306.00000000        15688.00000000 
        8983.56163178            0.50000000      1257796.25000000        74507.00000000       146327.09375000       179606.40625000        69066.21093750       185787.00000000          650.00000000       147817.00000000          829.00000000           65.00000000           60.00000000           56.00000000           75.00000000           80.00000000           61.00000000           76.00000000           83.00000000           77.00000000           85.00000000           86.00000000           85.00000000           43.00000000           46.00000000           60.00000000           82.00000000           51.00000000           45.00000000           64.00000000           47.00000000           57.00000000           75.00000000           73.00000000           53.00000000        12111.00000000         9609.00000000        12469.00000000        12161.00000000        13344.00000000        13439.00000000        14051.00000000        13855.00000000        13083.00000000        13754.00000000        14711.00000000        14839.00000000 
        8983.99602146            0.50000000      1260951.25000000        74421.00000000       150236.09375000       182247.40625000        69092.14062500       181877.00000000          601.00000000       145174.00000000          756.00000000           57.00000000           47.00000000           47.00000000           79.00000000           68.00000000           53.00000000          104.00000000           65.00000000           60.00000000           78.00000000           72.00000000           73.00000000           46.00000000           43.00000000           34.00000000           74.00000000           59.00000000           55.00000000           65.00000000           49.00000000           39.00000000           56.00000000           72.00000000           52.00000000        12133.00000000         9279.00000000        11983.00000000        11807.00000000        13115.00000000        13373.00000000        13660.00000000        13813.00000000        12714.00000000        13521.00000000        14385.00000000        14670.00000000 
        8984.37832001            0.50000000      1260924.25000000        74329.00000000       150220.09375000       179237.40625000        69022.27343750       181301.00000000          653.00000000       144662.00000000          734.00000000           57.00000000           55.00000000           68.00000000           90.00000000           69.00000000           53.00000000           63.00000000           60.00000000           46.00000000           89.00000000           78.00000000           61.00000000           38.00000000           48.00000000           57.00000000           74.00000000           72.00000000           49.00000000           71.00000000           69.00000000           38.00000000           56.00000000           75.00000000           54.00000000        12008.00000000         9400.00000000        12279.00000000        11905.00000000        13003.00000000        13003.00000000        13419.00000000        13541.00000000        13068.00000000        13630.00000000        14389.00000000        14417.00000000 
        8984.81279068            0.50000000      1259296.25000000        74470.00000000       147575.09375000       172826.40625000        69098.99218750       183306.00000000          618.00000000       146189.00000000          752.00000000           53.00000000           56.00000000           67.00000000           75.00000000           51.00000000           73.00000000           82.00000000           71.00000000           58.00000000           80.00000000           73.00000000           69.00000000           53.00000000           53.00000000           63.00000000           72.00000000           52.00000000           49.00000000           44.00000000           61.00000000           44.00000000           67.00000000           54.00000000           59.00000000        12259.00000000         9497.00000000        12231.00000000        11938.00000000        13201.00000000        13181.00000000        13844.00000000        13917.00000000        12902.00000000        13531.00000000        14612.00000000        14573.00000000 
        8985.12563625            0.50000000      1252531.25000000        74400.00000000       144351.09375000       166501.40625000        68975.67187500       185467.00000000          669.00000000       148082.00000000          809.00000000           58.00000000           59.00000000           66.00000000           78.00000000           72.00000000           65.00000000          101.00000000           77.00000000           47.00000000           81.00000000           93.00000000           71.00000000           46.00000000           58.00000000           66.00000000           86.00000000           53.00000000           49.00000000           76.00000000           63.00000000           45.00000000           51.00000000           74.00000000           60.00000000        12542.00000000         9669.00000000        12625.00000000        12384.00000000        13209.00000000        13253.00000000        14130.00000000        14047.00000000        12865.00000000        13576.00000000        14596.00000000        14855.00000000 
        8985.45588636            0.50000000      1260245.25000000        74357.00000000       140559.09375000       159561.40625000        68840.53906250       188997.00000000          618.00000000       150930.00000000          805.00000000           52.00000000           57.00000000           81.00000000           87.00000000           65.00000000           75.00000000           80.00000000           72.00000000           53.00000000           70.00000000           86.00000000           84.00000000           43.00000000           47.00000000           42.00000000           80.00000000           62.00000000           51.00000000           66.00000000           53.00000000           46.00000000           61.00000000           66.00000000           48.00000000        12638.00000000         9843.00000000        12792.00000000        12448.00000000        13461.00000000        13560.00000000        14292.00000000        14229.00000000        13253.00000000        13873.00000000        15036.00000000        15348.00000000 
        8985.76877786            0.50000000      1261132.25000000        74497.00000000       137117.09375000       153225.40625000        68754.48437500       196975.00000000          690.00000000       157218.00000000          802.00000000           65.00000000           76.00000000           58.00000000           97.00000000           61.00000000           63.00000000           88.00000000           65.00000000           72.00000000           74.00000000           91.00000000           68.00000000           44.00000000           51.00000000           50.00000000           75.00000000           65.00000000           55.00000000           72.00000000           51.00000000           63.00000000           72.00000000           76.00000000           67.00000000        13224.00000000        10042.00000000        13406.00000000        12870.00000000        13981.00000000        14086.00000000        14848.00000000        14882.00000000        13944.00000000        14693.00000000        15596.00000000        15688.00000000 
        8986.18600127            0.50000000      1256171.25000000        74485.00000000       131133.09375000       143371.40625000        68637.08593750       200908.00000000          716.00000000       159820.00000000          813.00000000           49.00000000           86.00000000           66.00000000           92.00000000           74.00000000           61.00000000           92.00000000           61.00000000           61.00000000           86.00000000           96.00000000           75.00000000           40.00000000           41.00000000           71.00000000           72.00000000           73.00000000           68.00000000           81.00000000           59.00000000           44.00000000           81.00000000           70.00000000           57.00000000        13512.00000000        10234.00000000        13540.00000000        13264.00000000        14384.00000000        14482.00000000        15030.00000000        14847.00000000        14195.00000000        14754.00000000        15719.00000000        16093.00000000 
        8986.60326442            0.50000000      1259221.25000000        74577.00000000       126018.10156250       134673.40625000        68548.28906250       207318.00000000          726.00000000       165003.00000000          865.00000000           42.00000000           59.00000000           77.00000000           98.00000000           92.00000000           70.00000000           69.00000000           77.00000000           70.00000000           90.00000000           92.00000000           88.00000000           49.00000000           56.00000000           68.00000000           82.00000000           54.00000000           61.00000000           93.00000000           70.00000000           40.00000000           70.00000000           73.00000000           66.00000000        13597.00000000        10665.00000000        13995.00000000        13657.00000000        14843.00000000        14825.00000000        15662.00000000        15559.00000000        14481.00000000        15225.00000000        16559.00000000        16600.00000000 
        8987.15967711            0.50000000      1256950.25000000        74412.00000000       120165.10156250       124696.39843750        68292.15625000       211182.00000000          714.00000000       168433.00000000          888.00000000           63.00000000           57.00000000           84.00000000          102.00000000           72.00000000           72.00000000          100.00000000           65.00000000           58.00000000           97.00000000           95.00000000           80.00000000           53.00000000           57.00000000           55.00000000           82.00000000           54.00000000           60.00000000           94.00000000           61.00000000           41.00000000           76.00000000           69.00000000           69.00000000        14008.00000000        10913.00000000        14365.00000000        14082.00000000        15148.00000000        15126.00000000        15975.00000000        15521.00000000        14826.00000000        15744.00000000        16772.00000000        16866.00000000 
        8987.62920527            0.50000000      1258141.25000000        74451.00000000       115439.10156250       116540.39843750        68131.50000000       218436.00000000          718.00000000       173767.00000000          903.00000000           75.00000000           77.00000000           81.00000000           94.00000000           71.00000000           59.00000000           95.00000000           86.00000000           69.00000000           83.00000000           93.00000000           97.00000000           50.00000000           63.00000000           52.00000000           86.00000000           65.00000000           67.00000000           69.00000000           69.00000000           60.00000000           62.00000000           69.00000000           69.00000000        14551.00000000        11285.00000000        14685.00000000        14322.00000000        15513.00000000        15901.00000000        16445.00000000        16391.00000000        15036.00000000        16096.00000000        17203.00000000        17624.00000000 
        8988.04660587            0.50000000      1259644.25000000        74307.00000000       110406.10156250       107843.39843750        67886.39062500       222623.00000000          808.00000000       177621.00000000          911.00000000           80.00000000           91.00000000           86.00000000           94.00000000           83.00000000           66.00000000           97.00000000           90.00000000           52.00000000           78.00000000          100.00000000           85.00000000           57.00000000           55.00000000           62.00000000          107.00000000           58.00000000           79.00000000           77.00000000           61.00000000           54.00000000           83.00000000           92.00000000           78.00000000        14605.00000000        11209.00000000        14989.00000000        14716.00000000        15767.00000000        16321.00000000        16525.00000000        16748.00000000        15594.00000000        16599.00000000        17710.00000000        18047.00000000 
        8988.41186401            0.50000000      1259001.25000000        74290.00000000       106065.10156250       100403.39843750        67763.48437500       226586.00000000          781.00000000       180432.00000000          976.00000000           75.00000000           88.00000000           99.00000000          114.00000000           94.00000000           90.00000000           90.00000000           80.00000000           59.00000000          108.00000000           86.00000000           81.00000000           61.00000000           43.00000000           66.00000000           89.00000000           69.00000000           55.00000000           80.00000000           56.00000000           67.00000000           78.00000000           98.00000000           62.00000000        15049.00000000        11649.00000000        15088.00000000        14845.00000000        16033.00000000        16587.00000000        16871.00000000        17084.00000000        15960.00000000        16673.00000000        17914.00000000        18328.00000000 
        8988.77715259            0.50000000      1259810.25000000        74494.00000000       102419.10156250        93832.39843750        67820.10156250       231344.00000000          761.00000000       184229.00000000          984.00000000           73.00000000           83.00000000           85.00000000          120.00000000           94.00000000           66.00000000           84.00000000           88.00000000           82.00000000          103.00000000          110.00000000           79.00000000           54.00000000           69.00000000           77.00000000          102.00000000           63.00000000           62.00000000           63.00000000           79.00000000           49.00000000           85.00000000           71.00000000           56.00000000        15298.00000000        11888.00000000        15420.00000000        15120.00000000        16458.00000000        16742.00000000        17572.00000000        17179.00000000        16545.00000000        17141.00000000        18155.00000000        18599.00000000 
        8989.09028132            0.50000000      1261283.25000000        74483.00000000        99198.10156250        88123.39843750        67746.78125000       233668.00000000          767.00000000       186015.00000000         1001.00000000           72.00000000           96.00000000           84.00000000          105.00000000           94.00000000           69.00000000          112.00000000           88.00000000           77.00000000          110.00000000           96.00000000           94.00000000           48.00000000           60.00000000           69.00000000           84.00000000           56.00000000           65.00000000           86.00000000           71.00000000           51.00000000           79.00000000           86.00000000           72.00000000        15506.00000000        12102.00000000        15754.00000000        15269.00000000        16502.00000000        17008.00000000        17561.00000000        17597.00000000        16477.00000000        17238.00000000        18435.00000000        18668.00000000 
        8989.52521945            0.50000000      1260499.25000000        74498.00000000        95089.10156250        81116.39843750        67602.88281250       239440.00000000          795.00000000       190486.00000000          990.00000000           85.00000000           77.00000000           73.00000000          118.00000000           86.00000000           75.00000000           98.00000000           75.00000000           77.00000000          114.00000000           91.00000000           98.00000000           53.00000000           56.00000000           60.00000000          109.00000000           70.00000000           62.00000000           63.00000000           65.00000000           58.00000000           88.00000000           83.00000000           84.00000000        16034.00000000        12106.00000000        15985.00000000        15857.00000000        16844.00000000        17144.00000000        18057.00000000        17973.00000000        16826.00000000        17718.00000000        19027.00000000        19021.00000000 
        8990.01240139            0.50000000      1260918.25000000        74515.00000000        90132.10156250        72992.39843750        67529.07812500       242702.00000000          837.00000000       193165.00000000         1043.00000000           67.00000000           92.00000000           96.00000000          100.00000000           99.00000000           94.00000000          109.00000000           87.00000000           62.00000000          104.00000000          123.00000000          102.00000000           53.00000000           66.00000000           72.00000000          111.00000000           69.00000000           50.00000000           86.00000000           75.00000000           64.00000000           91.00000000           92.00000000           74.00000000        16141.00000000        12628.00000000        16515.00000000        16095.00000000        17170.00000000        17655.00000000        18029.00000000        17953.00000000        17047.00000000        18023.00000000        19054.00000000        19483.00000000 
        8990.48223526            0.50000000      1262471.25000000        74569.00000000        84617.10156250        64823.39843750        67340.23437500       251362.00000000          848.00000000       200199.00000000         1042.00000000           82.00000000           89.00000000           80.00000000          123.00000000           87.00000000           85.00000000          107.00000000          102.00000000           71.00000000          106.00000000          102.00000000           97.00000000           59.00000000           69.00000000           81.00000000           99.00000000           75.00000000           74.00000000           91.00000000           74.00000000           56.00000000           80.00000000           90.00000000           69.00000000        16820.00000000        12976.00000000        16917.00000000        16485.00000000        17905.00000000        17991.00000000        19152.00000000        18763.00000000        17563.00000000        18484.00000000        19731.00000000        20388.00000000 
        8990.83029282            0.50000000      1263751.25000000        74522.00000000        79408.10156250        57917.39843750        67144.90625000       256912.00000000          889.00000000       204606.00000000         1094.00000000           84.00000000           82.00000000           89.00000000          119.00000000           93.00000000           79.00000000          125.00000000           98.00000000           85.00000000          104.00000000          113.00000000          105.00000000           63.00000000           53.00000000           74.00000000          100.00000000           72.00000000           73.00000000           89.00000000           84.00000000           67.00000000           88.00000000          110.00000000           69.00000000        17039.00000000        13106.00000000        17227.00000000        16961.00000000        18294.00000000        18574.00000000        19233.00000000        19152.00000000        18031.00000000        19071.00000000        20329.00000000        20695.00000000 
        8991.28280896            0.50000000      1262295.25000000        74346.00000000        73723.10156250        51214.39843750        66831.14843750       262539.00000000          911.00000000       208392.00000000         1170.00000000           84.00000000           74.00000000          121.00000000          119.00000000          107.00000000           99.00000000          129.00000000          104.00000000           91.00000000          113.00000000          107.00000000           96.00000000           65.00000000           72.00000000           75.00000000          107.00000000           80.00000000           68.00000000           91.00000000           81.00000000           69.00000000           98.00000000           96.00000000           81.00000000        17507.00000000        13370.00000000        17432.00000000        17325.00000000        18613.00000000        19177.00000000        19548.00000000        19382.00000000        18335.00000000        19357.00000000        20639.00000000        21077.00000000 
        8991.66574372            0.50000000      1262375.25000000        74267.00000000        69564.10156250        46581.39843750        66650.42968750       266509.00000000          894.00000000       212162.00000000         1072.00000000           85.00000000           95.00000000           76.00000000          110.00000000           87.00000000           91.00000000          108.00000000           98.00000000           80.00000000          102.00000000          141.00000000           94.00000000           47.00000000           75.00000000           87.00000000          113.00000000           83.00000000           70.00000000           78.00000000           73.00000000           69.00000000           96.00000000          109.00000000           69.00000000        17587.00000000        13757.00000000        18059.00000000        17596.00000000        18808.00000000        19351.00000000        20104.00000000        20000.00000000        18548.00000000        19668.00000000        21119.00000000        21322.00000000 
        8992.04871192            0.50000000      1264573.25000000        74478.00000000        65688.10156250        42581.39843750        66668.13281250       272682.00000000          911.00000000       217157.00000000         1136.00000000           72.00000000           76.00000000           96.00000000          140.00000000          103.00000000           92.00000000          112.00000000           92.00000000           90.00000000          107.00000000          130.00000000          102.00000000           57.00000000           82.00000000           80.00000000          106.00000000           90.00000000           61.00000000           92.00000000           74.00000000           63.00000000          109.00000000          103.00000000           76.00000000        18221.00000000        14013.00000000        18596.00000000        18083.00000000        19344.00000000        19918.00000000        20347.00000000        20342.00000000        19224.00000000        20141.00000000        21501.00000000        21440.00000000 
        8992.37948411            0.50000000      1264892.25000000        74358.00000000        62476.10156250        39428.39843750        66487.21093750       275321.00000000          952.00000000       218892.00000000         1163.00000000           89.00000000           98.00000000          102.00000000          139.00000000          101.00000000          101.00000000          121.00000000           81.00000000           89.00000000          105.00000000          136.00000000           99.00000000           72.00000000           79.00000000           86.00000000          126.00000000           86.00000000           85.00000000           79.00000000           78.00000000           67.00000000           79.00000000          107.00000000           87.00000000        18326.00000000        14442.00000000        18709.00000000        18023.00000000        19589.00000000        19620.00000000        20620.00000000        20445.00000000        19504.00000000        20246.00000000        21795.00000000        22015.00000000 
        8992.62322696            0.50000000      1264916.25000000        74466.00000000        60224.10156250        37203.39843750        66498.77343750       278362.00000000          920.00000000       221404.00000000         1210.00000000           91.00000000           99.00000000          116.00000000          154.00000000           98.00000000          101.00000000          130.00000000           88.00000000           99.00000000          120.00000000          126.00000000           87.00000000           83.00000000           71.00000000           75.00000000          109.00000000           86.00000000           68.00000000           99.00000000           82.00000000           64.00000000           96.00000000           89.00000000           69.00000000        18625.00000000        14180.00000000        18840.00000000        18301.00000000        19880.00000000        20135.00000000        20861.00000000        20680.00000000        19616.00000000        20420.00000000        21854.00000000        22192.00000000 
        8992.98886663            0.50000000      1265541.25000000        74425.00000000        57655.10156250        34872.39843750        66401.02343750       280546.00000000          931.00000000       222803.00000000         1216.00000000           94.00000000           87.00000000           81.00000000          143.00000000          116.00000000           93.00000000          129.00000000           95.00000000           83.00000000          113.00000000          141.00000000          128.00000000           75.00000000           64.00000000           94.00000000          118.00000000           76.00000000           73.00000000           86.00000000           86.00000000           67.00000000           99.00000000           91.00000000           66.00000000        18756.00000000        14289.00000000        19060.00000000        18271.00000000        19784.00000000        20292.00000000        20908.00000000        20912.00000000        19792.00000000        20848.00000000        21874.00000000        22306.00000000 
        8993.37195041            0.50000000      1267950.25000000        74609.00000000        55469.10156250        32913.39843750        66448.12500000       284707.00000000          926.00000000       226048.00000000         1148.00000000           91.00000000          116.00000000           73.00000000          122.00000000          112.00000000           96.00000000          124.00000000           99.00000000           88.00000000          122.00000000          126.00000000           95.00000000           64.00000000           70.00000000           79.00000000           98.00000000           83.00000000           88.00000000           80.00000000           70.00000000           67.00000000           95.00000000          117.00000000           85.00000000        18727.00000000        14413.00000000        18937.00000000        18574.00000000        20356.00000000        20546.00000000        21553.00000000        21067.00000000        20049.00000000        21008.00000000        22411.00000000        22820.00000000 
        8993.89439133            0.50000000      1265564.25000000        74379.00000000        53801.10156250        31731.40039062        66288.45312500       283098.00000000          976.00000000       224994.00000000         1202.00000000           82.00000000           93.00000000          114.00000000          149.00000000          112.00000000           90.00000000          105.00000000          104.00000000          101.00000000          107.00000000          131.00000000          107.00000000           78.00000000           75.00000000           82.00000000          115.00000000           91.00000000           90.00000000           99.00000000           69.00000000           64.00000000           90.00000000          104.00000000           94.00000000        18855.00000000        14632.00000000        19035.00000000        18593.00000000        20117.00000000        20297.00000000        21142.00000000        20996.00000000        19857.00000000        21144.00000000        22240.00000000        22718.00000000 
        8994.38205901            0.50000000      1265573.25000000        74287.00000000        52674.10156250        31263.40039062        66053.39843750       288548.00000000          979.00000000       229302.00000000         1189.00000000           91.00000000          101.00000000           87.00000000          137.00000000          116.00000000           98.00000000          108.00000000           95.00000000           86.00000000          126.00000000          144.00000000          101.00000000           73.00000000           82.00000000           69.00000000          139.00000000           73.00000000           84.00000000          107.00000000           93.00000000           61.00000000           86.00000000          114.00000000           80.00000000        19382.00000000        14570.00000000        19146.00000000        18727.00000000        20679.00000000        20635.00000000        21511.00000000        21680.00000000        20431.00000000        21299.00000000        22855.00000000        22957.00000000 
        8994.83494184            0.50000000      1265597.25000000        74302.00000000        51604.10156250        30951.40039062        66059.84375000       288793.00000000          964.00000000       229302.00000000         1219.00000000           87.00000000          101.00000000          107.00000000          144.00000000          110.00000000          105.00000000          114.00000000          111.00000000           83.00000000          134.00000000           98.00000000          126.00000000           66.00000000           74.00000000           91.00000000          121.00000000           81.00000000           77.00000000           84.00000000           81.00000000           79.00000000          107.00000000           97.00000000           80.00000000        19156.00000000        14606.00000000        19048.00000000        18974.00000000        20423.00000000        20794.00000000        21767.00000000        21703.00000000        20267.00000000        21452.00000000        22765.00000000        22953.00000000 
        8995.21818692            0.50000000      1266068.25000000        74256.00000000        51020.10156250        31053.40039062        66047.10156250       287792.00000000          961.00000000       228589.00000000         1216.00000000           78.00000000           83.00000000           94.00000000          132.00000000          110.00000000          117.00000000          127.00000000           95.00000000          101.00000000          115.00000000          145.00000000          102.00000000           70.00000000           76.00000000           81.00000000          100.00000000           74.00000000           91.00000000           98.00000000           85.00000000           66.00000000          100.00000000          101.00000000           95.00000000        18982.00000000        14928.00000000        19234.00000000        18874.00000000        20532.00000000        20662.00000000        21646.00000000        21626.00000000        20426.00000000        21035.00000000        22669.00000000        22903.00000000 
        8995.58404301            0.50000000      1267660.25000000        74355.00000000        50730.10156250        31366.40039062        66120.90625000       288298.00000000          961.00000000       229081.00000000         1185.00000000           88.00000000          111.00000000           94.00000000          116.00000000          108.00000000           98.00000000          119.00000000          112.00000000           98.00000000          132.00000000          122.00000000           98.00000000           65.00000000           79.00000000           86.00000000          113.00000000           78.00000000           71.00000000           92.00000000           78.00000000           77.00000000          111.00000000           93.00000000           97.00000000        19129.00000000        14746.00000000        19481.00000000        18861.00000000        20625.00000000        20883.00000000        21545.00000000        21390.00000000        20274.00000000        21073.00000000        22838.00000000        22982.00000000 
        8995.84538747            0.50000000      1259629.25000000        74564.00000000        50829.10156250        31761.40039062        66336.01562500       287262.00000000          910.00000000       228423.00000000         1179.00000000           88.00000000           91.00000000          123.00000000          123.00000000          103.00000000           88.00000000          126.00000000          106.00000000           86.00000000          103.00000000          116.00000000          117.00000000           75.00000000           70.00000000           88.00000000          103.00000000           68.00000000           71.00000000           91.00000000           86.00000000           61.00000000           90.00000000           95.00000000           82.00000000        19273.00000000        14855.00000000        19475.00000000        18954.00000000        20282.00000000        20755.00000000        21330.00000000        21380.00000000        20360.00000000        21059.00000000        22509.00000000        23046.00000000 
        8996.21129587            0.50000000      1268621.25000000        74343.00000000        50830.10156250        32215.40039062        66166.68750000       286292.00000000          943.00000000       227656.00000000         1192.00000000           95.00000000           95.00000000          111.00000000          118.00000000          114.00000000          104.00000000          140.00000000           96.00000000           72.00000000          119.00000000          133.00000000           90.00000000           73.00000000           56.00000000           73.00000000          114.00000000           96.00000000           72.00000000          105.00000000           75.00000000           64.00000000           76.00000000          110.00000000           85.00000000        19170.00000000        15169.00000000        19078.00000000        18939.00000000        20376.00000000        20603.00000000        21301.00000000        21218.00000000        20166.00000000        21183.00000000        22673.00000000        22949.00000000 
        8996.64694091            0.50000000      1271135.25000000        74438.00000000        51434.10156250        33106.39843750        66228.67968750       287093.00000000         1016.00000000       228237.00000000         1118.00000000           73.00000000           96.00000000          101.00000000          126.00000000           96.00000000           82.00000000          135.00000000          111.00000000           76.00000000          117.00000000          102.00000000           99.00000000           66.00000000           86.00000000           78.00000000          136.00000000           87.00000000           94.00000000          101.00000000           81.00000000           77.00000000           98.00000000          118.00000000           80.00000000        19220.00000000        15080.00000000        19379.00000000        18799.00000000        20431.00000000        20656.00000000        21449.00000000        21427.00000000        20255.00000000        21042.00000000        22573.00000000        23006.00000000 
        8997.18720085            0.50000000      1268910.25000000        74346.00000000        52784.10156250        34607.39843750        66193.75000000       285424.00000000          954.00000000       226694.00000000         1186.00000000           84.00000000          101.00000000           86.00000000          137.00000000          107.00000000           85.00000000          113.00000000          122.00000000           85.00000000          126.00000000          128.00000000          113.00000000           60.00000000           81.00000000           96.00000000          100.00000000           86.00000000           76.00000000          101.00000000           83.00000000           72.00000000          100.00000000           95.00000000           85.00000000        18853.00000000        14891.00000000        19411.00000000        18972.00000000        20347.00000000        20556.00000000        21308.00000000        21159.00000000        20141.00000000        21021.00000000        22249.00000000        22677.00000000 
        8997.58808187            0.50000000      1269040.25000000        74312.00000000        54607.10156250        36254.39843750        66157.86718750       285624.00000000          941.00000000       227187.00000000         1209.00000000           96.00000000           96.00000000          106.00000000          131.00000000          101.00000000          108.00000000          126.00000000          107.00000000           84.00000000          109.00000000          132.00000000          109.00000000           63.00000000           66.00000000           82.00000000          103.00000000           89.00000000           73.00000000           88.00000000           97.00000000           50.00000000          104.00000000          104.00000000           88.00000000        18960.00000000        14397.00000000        19066.00000000        18658.00000000        20553.00000000        20646.00000000        21601.00000000        21181.00000000        20198.00000000        21154.00000000        22284.00000000        22886.00000000 
        8997.98899951            0.50000000      1270238.25000000        74491.00000000        56593.10156250        37873.39843750        66469.97656250       280187.00000000          962.00000000       222997.00000000         1124.00000000           92.00000000          108.00000000           99.00000000          113.00000000           90.00000000           77.00000000          116.00000000          103.00000000           94.00000000          101.00000000          132.00000000          107.00000000           70.00000000           80.00000000           77.00000000          102.00000000           95.00000000           85.00000000           94.00000000           86.00000000           69.00000000           93.00000000          103.00000000           88.00000000        18737.00000000        14487.00000000        18813.00000000        18657.00000000        20128.00000000        20166.00000000        21062.00000000        20877.00000000        19901.00000000        20599.00000000        21847.00000000        22210.00000000 
        8998.45968872            0.50000000      1268304.25000000        74257.00000000        58559.10156250        39330.39843750        66282.90625000       279409.00000000          931.00000000       222298.00000000         1167.00000000           89.00000000           88.00000000          101.00000000          138.00000000           83.00000000          105.00000000          146.00000000          103.00000000           79.00000000          103.00000000          109.00000000          111.00000000           75.00000000           76.00000000           90.00000000          111.00000000           78.00000000           69.00000000           89.00000000           70.00000000           67.00000000          100.00000000           89.00000000           93.00000000        18585.00000000        14307.00000000        18672.00000000        18182.00000000        19765.00000000        20209.00000000        21104.00000000        20917.00000000        19660.00000000        20818.00000000        21929.00000000        22457.00000000 
        8998.84325059            0.50000000      1267420.25000000        74277.00000000        60150.10156250        40340.39843750        66405.23437500       275664.00000000          935.00000000       219090.00000000         1151.00000000           87.00000000          112.00000000          107.00000000          129.00000000           91.00000000          102.00000000          127.00000000          110.00000000           70.00000000          117.00000000          117.00000000           94.00000000           65.00000000           56.00000000           81.00000000          115.00000000           92.00000000           73.00000000          104.00000000           87.00000000           59.00000000           90.00000000           98.00000000           71.00000000        18454.00000000        14277.00000000        18781.00000000        18193.00000000        19476.00000000        19565.00000000        20638.00000000        20454.00000000        19636.00000000        20243.00000000        21549.00000000        22101.00000000 
        8999.22684598            0.50000000      1271940.25000000        74279.00000000        61652.10156250        41214.39843750        66356.42187500       277479.00000000          939.00000000       220345.00000000         1211.00000000           81.00000000           96.00000000          101.00000000          127.00000000          121.00000000          117.00000000          126.00000000           95.00000000           91.00000000          117.00000000          121.00000000          114.00000000           60.00000000           82.00000000           74.00000000          121.00000000           85.00000000           68.00000000           97.00000000           82.00000000           60.00000000          107.00000000           97.00000000           88.00000000        18248.00000000        14154.00000000        18557.00000000        18256.00000000        19739.00000000        20092.00000000        20838.00000000        20546.00000000        19593.00000000        20306.00000000        21969.00000000        22201.00000000 
        8999.48840753            0.50000000      1268203.25000000        74149.00000000        62746.10156250        41648.39843750        66335.62500000       274051.00000000          905.00000000       218167.00000000         1162.00000000           79.00000000           88.00000000           90.00000000          135.00000000          104.00000000           87.00000000          113.00000000          108.00000000           76.00000000          118.00000000          142.00000000          110.00000000           65.00000000           72.00000000           93.00000000           97.00000000           61.00000000           79.00000000           94.00000000           74.00000000           63.00000000           94.00000000           92.00000000           93.00000000        18396.00000000        14163.00000000        18490.00000000        18161.00000000        19398.00000000        19745.00000000        20707.00000000        20330.00000000        19156.00000000        20375.00000000        21634.00000000        21775.00000000 
        8999.83718051            0.50000000      1265783.25000000        74317.00000000        64138.10156250        42155.39843750        66404.37500000       276977.00000000          999.00000000       219898.00000000         1112.00000000           81.00000000           92.00000000          102.00000000          145.00000000          103.00000000           85.00000000          124.00000000           85.00000000           75.00000000          102.00000000          117.00000000           93.00000000           77.00000000           72.00000000           93.00000000          119.00000000           98.00000000           77.00000000           91.00000000           85.00000000           69.00000000           93.00000000          118.00000000           79.00000000        18208.00000000        14170.00000000        18336.00000000        17632.00000000        19657.00000000        20128.00000000        20717.00000000        20686.00000000        19561.00000000        20380.00000000        22177.00000000        22416.00000000 
        9000.18598120            0.50000000      1268948.25000000        74450.00000000        65784.10156250        42584.39843750        66663.84375000       271936.00000000          925.00000000       215913.00000000         1165.00000000           94.00000000          109.00000000          111.00000000          142.00000000           90.00000000          101.00000000          110.00000000          108.00000000           85.00000000          109.00000000          118.00000000           97.00000000           58.00000000           80.00000000           79.00000000          123.00000000           91.00000000           48.00000000           87.00000000           68.00000000           76.00000000          106.00000000          109.00000000           80.00000000        17881.00000000        14018.00000000        18331.00000000        17950.00000000        19412.00000000        19723.00000000        20191.00000000        20169.00000000        19160.00000000        20053.00000000        21338.00000000        21705.00000000 
        9000.70923423            0.50000000      1270876.25000000        74443.00000000        67634.10156250        42629.39843750        66719.30468750       269717.00000000          969.00000000       214648.00000000         1122.00000000           82.00000000           89.00000000           96.00000000          103.00000000           86.00000000           95.00000000          114.00000000          111.00000000           90.00000000          121.00000000          130.00000000           94.00000000           71.00000000           67.00000000           72.00000000          129.00000000           87.00000000           91.00000000           90.00000000           99.00000000           68.00000000           83.00000000           93.00000000           86.00000000        17926.00000000        13938.00000000        18191.00000000        17703.00000000        19124.00000000        19463.00000000        20209.00000000        20186.00000000        18961.00000000        19938.00000000        21253.00000000        21694.00000000 
        9001.16277065            0.50000000      1269275.25000000        74497.00000000        68962.10156250        42536.39843750        66798.71093750       268602.00000000          927.00000000       213645.00000000         1091.00000000           79.00000000           85.00000000          100.00000000          112.00000000          106.00000000           95.00000000          102.00000000           97.00000000           76.00000000          111.00000000          111.00000000          102.00000000           60.00000000           81.00000000           88.00000000          100.00000000           78.00000000           73.00000000           88.00000000           73.00000000           76.00000000           92.00000000          107.00000000           92.00000000        17724.00000000        13747.00000000        17844.00000000        17718.00000000        19072.00000000        19474.00000000        20231.00000000        20216.00000000        18746.00000000        19789.00000000        21424.00000000        21407.00000000 
        9001.68614014            0.50000000      1265607.25000000        74539.00000000        70044.10156250        42154.39843750        66877.59375000       267119.00000000          881.00000000       212817.00000000         1088.00000000           81.00000000          110.00000000           74.00000000          119.00000000          105.00000000           83.00000000          113.00000000           88.00000000           81.00000000          107.00000000          117.00000000          120.00000000           69.00000000           67.00000000           74.00000000          104.00000000           88.00000000           72.00000000           90.00000000           67.00000000           62.00000000           77.00000000           94.00000000           84.00000000        17790.00000000        13769.00000000        17938.00000000        17504.00000000        19168.00000000        19257.00000000        20193.00000000        19922.00000000        18785.00000000        19848.00000000        21059.00000000        21353.00000000 
        9002.06998410            0.50000000      1267374.25000000        74326.00000000        70725.10156250        41788.39843750        66692.00000000       266920.00000000          904.00000000       212045.00000000         1106.00000000           75.00000000           78.00000000           99.00000000          112.00000000           91.00000000           93.00000000          117.00000000           93.00000000           87.00000000          104.00000000          138.00000000           97.00000000           64.00000000           60.00000000           77.00000000          118.00000000           77.00000000           56.00000000          100.00000000           64.00000000           55.00000000          114.00000000           89.00000000           90.00000000        17824.00000000        13820.00000000        17927.00000000        17423.00000000        18960.00000000        19379.00000000        20012.00000000        19850.00000000        18492.00000000        19925.00000000        21016.00000000        21237.00000000 
        9002.41896228            0.50000000      1270269.25000000        74390.00000000        71202.10156250        41548.39843750        66832.21093750       263931.00000000          893.00000000       210039.00000000         1115.00000000           85.00000000           98.00000000          108.00000000          127.00000000           79.00000000          102.00000000          112.00000000           93.00000000           81.00000000          103.00000000          126.00000000           99.00000000           57.00000000           69.00000000           83.00000000           97.00000000           94.00000000           83.00000000           97.00000000           71.00000000           60.00000000           85.00000000           99.00000000           67.00000000        17584.00000000        13692.00000000        17766.00000000        17704.00000000        18493.00000000        19027.00000000        19952.00000000        19712.00000000        18490.00000000        19381.00000000        20897.00000000        21033.00000000 
        9002.75051725            0.50000000      1268281.25000000        74442.00000000        71428.10156250        41434.39843750        66784.53906250       267336.00000000          882.00000000       212577.00000000         1074.00000000           83.00000000           94.00000000           77.00000000          110.00000000           86.00000000           91.00000000          113.00000000          115.00000000           74.00000000          107.00000000          128.00000000           90.00000000           56.00000000           51.00000000           73.00000000           95.00000000           72.00000000           68.00000000           97.00000000           75.00000000           70.00000000           92.00000000          100.00000000           84.00000000        17639.00000000        13669.00000000        17898.00000000        17553.00000000        18808.00000000        19407.00000000        20331.00000000        19826.00000000        18919.00000000        19602.00000000        21127.00000000        21467.00000000 
        9003.04719293            0.50000000      1268794.25000000        74559.00000000        71740.10156250        41585.39843750        66925.53906250       266039.00000000          891.00000000       212059.00000000         1102.00000000           76.00000000           92.00000000           90.00000000          138.00000000           87.00000000           82.00000000          112.00000000           98.00000000           97.00000000          107.00000000          113.00000000          102.00000000           61.00000000           64.00000000           80.00000000          100.00000000           89.00000000           75.00000000          108.00000000           80.00000000           51.00000000           90.00000000           91.00000000           66.00000000        17756.00000000        13584.00000000        18081.00000000        17717.00000000        18946.00000000        18939.00000000        19949.00000000        20045.00000000        18623.00000000        19698.00000000        21056.00000000        21249.00000000 
        9003.46606330            0.50000000      1265842.25000000        74607.00000000        71557.10156250        41485.39843750        67002.67968750       264813.00000000          867.00000000       210616.00000000         1084.00000000           81.00000000           92.00000000           84.00000000          111.00000000          102.00000000           79.00000000          115.00000000          114.00000000           78.00000000          127.00000000          102.00000000           91.00000000           64.00000000           76.00000000           72.00000000           97.00000000           86.00000000           75.00000000          101.00000000           73.00000000           63.00000000           79.00000000           80.00000000           77.00000000        17558.00000000        13609.00000000        17792.00000000        17454.00000000        18807.00000000        18920.00000000        19730.00000000        19867.00000000        18609.00000000        19488.00000000        21078.00000000        21313.00000000 
        9003.93734025            0.50000000      1267238.25000000        74420.00000000        71363.10156250        41772.39843750        66736.91406250       268341.00000000          903.00000000       213485.00000000         1101.00000000           80.00000000           94.00000000          111.00000000          122.00000000           99.00000000           89.00000000          114.00000000          104.00000000           75.00000000          108.00000000          113.00000000           86.00000000           69.00000000           78.00000000           69.00000000          110.00000000           72.00000000           78.00000000           99.00000000           75.00000000           68.00000000           87.00000000           87.00000000           89.00000000        17598.00000000        13705.00000000        17909.00000000        17425.00000000        19283.00000000        19406.00000000        20343.00000000        19857.00000000        18794.00000000        19954.00000000        21339.00000000        21577.00000000 
        9004.42612533            0.50000000      1268085.25000000        74387.00000000        70684.10156250        42014.39843750        66786.07812500       265500.00000000          886.00000000       211482.00000000         1074.00000000           74.00000000           72.00000000           84.00000000          132.00000000          117.00000000           82.00000000           92.00000000          101.00000000           81.00000000          100.00000000          120.00000000           91.00000000           66.00000000           72.00000000           75.00000000          110.00000000           79.00000000           62.00000000           86.00000000           76.00000000           56.00000000           85.00000000          114.00000000           77.00000000        17717.00000000        13885.00000000        17975.00000000        17384.00000000        18987.00000000        19139.00000000        19885.00000000        19982.00000000        18732.00000000        19636.00000000        20797.00000000        21248.00000000 
        9004.77529085            0.50000000      1267434.25000000        74403.00000000        70237.10156250        42494.39843750        66805.85156250       265305.00000000          857.00000000       210787.00000000         1110.00000000           70.00000000           90.00000000          107.00000000          126.00000000          105.00000000           84.00000000          113.00000000           95.00000000           88.00000000          112.00000000          109.00000000          101.00000000           49.00000000           57.00000000           72.00000000          100.00000000           64.00000000           77.00000000           90.00000000           70.00000000           63.00000000           92.00000000           99.00000000           81.00000000        17844.00000000        13734.00000000        17849.00000000        17584.00000000        18871.00000000        19250.00000000        19790.00000000        19695.00000000        18676.00000000        19186.00000000        20637.00000000        21405.00000000 
        9005.22924753            0.50000000      1268430.25000000        74353.00000000        69719.10156250        42998.39843750        66759.01562500       265375.00000000          831.00000000       211038.00000000         1081.00000000           91.00000000           87.00000000           95.00000000          121.00000000           97.00000000           80.00000000          103.00000000           84.00000000           79.00000000          105.00000000          132.00000000           94.00000000           60.00000000           58.00000000           61.00000000          101.00000000           69.00000000           66.00000000           90.00000000           68.00000000           60.00000000           93.00000000          102.00000000           61.00000000        17770.00000000        13747.00000000        17811.00000000        17737.00000000        18618.00000000        19024.00000000        20039.00000000        19855.00000000        18358.00000000        19773.00000000        20823.00000000        21230.00000000 
        9005.63086371            0.50000000      1268365.25000000        74296.00000000        69149.10156250        43249.39843750        66670.95312500       266708.00000000          854.00000000       211703.00000000         1100.00000000           84.00000000           96.00000000           98.00000000          126.00000000           91.00000000           89.00000000          115.00000000           95.00000000           77.00000000          107.00000000          128.00000000           90.00000000           69.00000000           67.00000000           67.00000000          106.00000000           69.00000000           61.00000000           93.00000000           73.00000000           51.00000000           82.00000000          104.00000000           79.00000000        17948.00000000        13831.00000000        17746.00000000        17528.00000000        18669.00000000        19155.00000000        19756.00000000        20069.00000000        18653.00000000        19698.00000000        21235.00000000        21246.00000000 
        9005.98012504            0.50000000      1266162.25000000        74589.00000000        68874.10156250        43662.39843750        66860.60156250       269342.00000000          901.00000000       214115.00000000         1116.00000000           74.00000000           86.00000000           79.00000000          113.00000000           95.00000000          100.00000000          119.00000000          116.00000000           99.00000000          111.00000000          109.00000000          101.00000000           55.00000000           79.00000000           56.00000000          105.00000000           82.00000000           77.00000000          106.00000000           82.00000000           77.00000000           79.00000000          100.00000000           82.00000000        17845.00000000        13686.00000000        18020.00000000        17865.00000000        19248.00000000        19347.00000000        19988.00000000        20245.00000000        18891.00000000        19902.00000000        21332.00000000        21432.00000000 
        9006.31194902            0.50000000      1261755.25000000        74549.00000000        68496.10156250        43877.39843750        66823.96875000       269370.00000000          896.00000000       214153.00000000         1142.00000000           89.00000000           89.00000000          116.00000000          145.00000000           96.00000000           91.00000000          110.00000000           89.00000000           86.00000000          108.00000000          118.00000000           94.00000000           60.00000000           84.00000000           81.00000000          119.00000000           70.00000000           70.00000000           93.00000000           89.00000000           73.00000000           71.00000000          102.00000000           68.00000000        17771.00000000        13784.00000000        18238.00000000        17721.00000000        19300.00000000        19638.00000000        20137.00000000        20163.00000000        18905.00000000        20102.00000000        20892.00000000        21286.00000000 
        9006.59139919            0.50000000      1265120.25000000        74303.00000000        68195.10156250        44044.39843750        66592.58593750       269762.00000000          904.00000000       214444.00000000         1127.00000000           78.00000000          106.00000000          106.00000000          126.00000000           93.00000000           86.00000000          117.00000000          114.00000000           69.00000000          128.00000000          112.00000000           98.00000000           66.00000000           63.00000000           78.00000000          112.00000000           79.00000000           64.00000000           81.00000000           82.00000000           62.00000000          105.00000000           95.00000000           80.00000000        17944.00000000        13880.00000000        18008.00000000        17794.00000000        19349.00000000        19527.00000000        20280.00000000        19988.00000000        19117.00000000        19796.00000000        21055.00000000        21586.00000000 
        9006.94073691            0.50000000      1269101.25000000        74436.00000000        67685.10156250        44198.39843750        66711.25781250       269781.00000000          941.00000000       214594.00000000         1117.00000000           94.00000000           89.00000000           79.00000000          133.00000000          103.00000000           82.00000000          106.00000000           84.00000000          102.00000000          114.00000000          114.00000000          106.00000000           70.00000000           68.00000000           70.00000000          118.00000000           89.00000000           68.00000000           96.00000000           85.00000000           77.00000000          100.00000000           96.00000000           72.00000000        17876.00000000        13849.00000000        18322.00000000        17722.00000000        18837.00000000        19494.00000000        20166.00000000        20213.00000000        18827.00000000        20166.00000000        21387.00000000        21584.00000000 
        9007.35997885            0.50000000      1268184.25000000        74467.00000000        67050.10156250        44348.39843750        66720.48437500       270448.00000000          919.00000000       215156.00000000         1128.00000000           71.00000000          109.00000000           91.00000000          128.00000000          115.00000000           84.00000000          115.00000000          104.00000000           89.00000000          104.00000000          135.00000000           92.00000000           69.00000000           73.00000000           74.00000000          100.00000000           93.00000000           76.00000000          110.00000000           76.00000000           64.00000000           95.00000000           92.00000000           70.00000000        18070.00000000        14076.00000000        18267.00000000        17915.00000000        19106.00000000        19509.00000000        20272.00000000        20014.00000000        19000.00000000        19937.00000000        21446.00000000        21620.00000000 
        9007.86661626            0.50000000      1270223.25000000        74500.00000000        66310.10156250        44333.39843750        66679.82031250       272969.00000000          920.00000000       217130.00000000         1122.00000000           81.00000000           92.00000000           90.00000000          123.00000000           94.00000000           83.00000000          106.00000000          104.00000000           88.00000000          111.00000000          122.00000000          120.00000000           82.00000000           68.00000000           58.00000000          115.00000000           81.00000000           63.00000000          103.00000000           75.00000000           68.00000000           92.00000000           99.00000000           84.00000000        18004.00000000        13809.00000000        18177.00000000        18069.00000000        19569.00000000        19842.00000000        20406.00000000        20274.00000000        19376.00000000        20183.00000000        21487.00000000        21743.00000000 
        9008.33836569            0.50000000      1268601.25000000        74414.00000000        65573.10156250        44357.39843750        66666.13281250       270695.00000000          970.00000000       215064.00000000         1140.00000000           81.00000000           88.00000000          107.00000000          133.00000000          105.00000000           89.00000000          118.00000000          108.00000000           80.00000000          110.00000000          121.00000000           88.00000000           73.00000000           76.00000000           73.00000000          124.00000000           89.00000000           75.00000000           91.00000000           89.00000000           63.00000000          103.00000000           86.00000000          104.00000000        17936.00000000        14015.00000000        18239.00000000        18027.00000000        19340.00000000        19714.00000000        20433.00000000        20163.00000000        18962.00000000        19816.00000000        21213.00000000        21221.00000000 
        9008.82764083            0.50000000      1265597.25000000        74340.00000000        64852.10156250        44323.39843750        66556.08593750       272269.00000000          901.00000000       216312.00000000         1084.00000000           90.00000000           88.00000000           86.00000000          126.00000000           97.00000000           83.00000000          113.00000000          111.00000000           83.00000000           94.00000000          113.00000000           88.00000000           68.00000000           66.00000000           69.00000000          114.00000000           81.00000000           64.00000000           71.00000000           72.00000000           59.00000000           95.00000000          114.00000000           94.00000000        18139.00000000        14010.00000000        18337.00000000        18092.00000000        19285.00000000        19485.00000000        20367.00000000        20547.00000000        18919.00000000        20051.00000000        21487.00000000        21603.00000000 
        9009.17715644            0.50000000      1267510.25000000        74276.00000000        64257.10156250        44318.39843750        66493.98437500       272442.00000000          937.00000000       216508.00000000         1067.00000000           78.00000000           91.00000000           82.00000000          121.00000000           98.00000000           95.00000000          115.00000000          102.00000000           88.00000000          107.00000000          101.00000000           80.00000000           68.00000000           66.00000000           77.00000000          108.00000000           71.00000000           81.00000000          105.00000000           73.00000000           68.00000000           92.00000000          101.00000000           93.00000000        18090.00000000        13963.00000000        18468.00000000        18001.00000000        19382.00000000        19513.00000000        20221.00000000        20281.00000000        19060.00000000        20088.00000000        21527.00000000        21877.00000000 
        9009.52669985            0.50000000      1265970.25000000        74664.00000000        63825.10156250        44361.39843750        66772.60156250       274900.00000000          886.00000000       218658.00000000         1098.00000000           71.00000000           89.00000000           97.00000000          129.00000000           95.00000000           93.00000000          121.00000000           97.00000000           87.00000000           99.00000000          109.00000000          100.00000000           66.00000000           72.00000000           90.00000000          126.00000000           87.00000000           62.00000000           88.00000000           74.00000000           48.00000000           93.00000000           89.00000000           63.00000000        18201.00000000        14136.00000000        18450.00000000        18167.00000000        19425.00000000        19671.00000000        20534.00000000        20457.00000000        19499.00000000        20413.00000000        21841.00000000        22000.00000000 
        9009.85879186            0.50000000      1270964.25000000        74302.00000000        63348.10156250        44289.39843750        66466.57031250       274264.00000000          906.00000000       218329.00000000         1131.00000000           71.00000000           99.00000000           85.00000000          115.00000000          111.00000000           88.00000000           97.00000000          113.00000000           99.00000000          113.00000000          123.00000000          116.00000000           57.00000000           47.00000000           83.00000000          103.00000000           86.00000000           83.00000000           86.00000000           67.00000000           69.00000000           94.00000000           89.00000000           89.00000000        18146.00000000        14171.00000000        18496.00000000        17936.00000000        19542.00000000        19672.00000000        20627.00000000        20716.00000000        19337.00000000        20395.00000000        21482.00000000        21980.00000000 
        9010.17342849            0.50000000      1267586.25000000        74232.00000000        63059.10156250        44351.39843750        66419.60937500       273701.00000000          960.00000000       217556.00000000         1143.00000000           89.00000000           95.00000000           89.00000000          129.00000000          110.00000000          109.00000000          111.00000000          112.00000000           84.00000000          101.00000000          104.00000000          105.00000000           64.00000000           72.00000000           82.00000000          131.00000000           79.00000000           81.00000000           88.00000000           80.00000000           65.00000000           99.00000000          108.00000000           83.00000000        18412.00000000        14108.00000000        18436.00000000        18028.00000000        19596.00000000        19499.00000000        20542.00000000        20409.00000000        19095.00000000        19975.00000000        21609.00000000        21955.00000000 
        9010.68039046            0.50000000      1268045.25000000        74389.00000000        62911.10156250        44458.39843750        66417.60156250       278806.00000000          979.00000000       222051.00000000         1169.00000000           96.00000000           95.00000000           84.00000000          132.00000000          114.00000000           93.00000000          107.00000000          102.00000000           84.00000000          116.00000000          121.00000000          120.00000000           55.00000000           76.00000000           68.00000000          122.00000000           98.00000000           84.00000000           95.00000000           77.00000000           78.00000000          100.00000000          120.00000000           82.00000000        18675.00000000        14256.00000000        18491.00000000        17926.00000000        19777.00000000        20178.00000000        20953.00000000        20695.00000000        19871.00000000        20735.00000000        22255.00000000        22495.00000000 
        9011.13495782            0.50000000      1270654.25000000        74381.00000000        62871.10156250        44562.39843750        66534.82031250       274351.00000000          899.00000000       218049.00000000         1194.00000000           98.00000000          103.00000000          103.00000000          134.00000000           85.00000000          109.00000000          120.00000000          102.00000000           90.00000000          117.00000000          113.00000000          123.00000000           62.00000000           58.00000000           71.00000000          113.00000000           83.00000000           80.00000000          110.00000000           72.00000000           56.00000000           93.00000000           94.00000000           65.00000000        18076.00000000        14301.00000000        18625.00000000        18123.00000000        19648.00000000        19980.00000000        20269.00000000        20549.00000000        19074.00000000        20003.00000000        21717.00000000        21985.00000000 
        9011.57208617            0.50000000      1266949.25000000        74555.00000000        62991.10156250        44740.39843750        66712.43750000       273564.00000000          861.00000000       217442.00000000         1146.00000000           78.00000000           96.00000000          105.00000000          127.00000000          110.00000000           98.00000000          110.00000000          103.00000000           90.00000000           97.00000000          122.00000000          106.00000000           67.00000000           75.00000000           71.00000000           96.00000000           77.00000000           82.00000000           85.00000000           74.00000000           61.00000000           71.00000000          102.00000000           75.00000000        18210.00000000        14162.00000000        18355.00000000        18067.00000000        19330.00000000        19935.00000000        20710.00000000        20198.00000000        19207.00000000        20138.00000000        21469.00000000        21823.00000000 
        9011.93930759            0.50000000      1268788.25000000        74433.00000000        63134.10156250        44810.39843750        66526.60156250       276312.00000000          921.00000000       219461.00000000         1098.00000000           78.00000000           90.00000000           88.00000000          125.00000000           91.00000000           92.00000000          123.00000000           88.00000000           92.00000000          113.00000000          103.00000000          105.00000000           60.00000000           65.00000000           62.00000000          116.00000000           66.00000000           74.00000000          108.00000000           92.00000000           64.00000000          108.00000000          100.00000000           71.00000000        17963.00000000        14158.00000000        18396.00000000        18056.00000000        19577.00000000        19974.00000000        20776.00000000        20741.00000000        19530.00000000        20486.00000000        21852.00000000        22110.00000000 
        9012.39400519            0.50000000      1269399.25000000        74158.00000000        63212.10156250        44858.39843750        66377.35937500       272838.00000000          925.00000000       216858.00000000         1173.00000000           87.00000000           93.00000000          112.00000000          131.00000000          106.00000000           91.00000000          113.00000000          116.00000000           84.00000000           89.00000000          127.00000000          117.00000000           75.00000000           70.00000000           83.00000000          137.00000000           80.00000000           78.00000000           89.00000000           84.00000000           39.00000000           97.00000000           94.00000000           69.00000000        18100.00000000        14133.00000000        18875.00000000        17913.00000000        19280.00000000        19698.00000000        20260.00000000        20560.00000000        19119.00000000        20032.00000000        21195.00000000        21826.00000000 
        9012.77878606            0.50000000      1264763.25000000        74254.00000000        63471.10156250        44921.39843750        66465.06250000       272774.00000000          972.00000000       216639.00000000         1146.00000000           89.00000000           84.00000000          112.00000000          125.00000000          101.00000000          104.00000000          109.00000000           91.00000000           96.00000000           96.00000000          118.00000000          105.00000000           90.00000000           81.00000000           86.00000000          131.00000000           96.00000000           77.00000000           89.00000000           70.00000000           62.00000000           93.00000000           93.00000000           85.00000000        18171.00000000        13996.00000000        18253.00000000        18073.00000000        19413.00000000        19529.00000000        20251.00000000        20263.00000000        19161.00000000        20095.00000000        21579.00000000        21851.00000000 
        9013.11112393            0.50000000      1266698.25000000        74456.00000000        63716.10156250        44994.39843750        66571.99218750       275423.00000000          911.00000000       219364.00000000         1166.00000000           83.00000000           93.00000000          108.00000000          125.00000000          119.00000000           74.00000000          119.00000000          103.00000000           79.00000000          113.00000000          149.00000000           94.00000000           66.00000000           84.00000000           89.00000000          107.00000000           79.00000000           71.00000000           78.00000000           75.00000000           70.00000000           91.00000000          107.00000000           78.00000000        18273.00000000        13922.00000000        18494.00000000        17965.00000000        19755.00000000        19981.00000000        20755.00000000        20693.00000000        19304.00000000        20357.00000000        21511.00000000        22276.00000000 
        9013.40850016            0.50000000      1269850.25000000        74323.00000000        63822.10156250        44976.39843750        66542.61718750       272206.00000000          895.00000000       216718.00000000         1129.00000000           88.00000000           80.00000000          100.00000000          122.00000000           97.00000000           89.00000000           96.00000000          104.00000000           93.00000000           91.00000000          131.00000000          118.00000000           63.00000000           66.00000000           79.00000000          109.00000000           63.00000000           71.00000000           82.00000000           81.00000000           77.00000000           94.00000000           96.00000000           80.00000000        18192.00000000        14360.00000000        18521.00000000        18115.00000000        19371.00000000        19575.00000000        20248.00000000        20330.00000000        19304.00000000        19990.00000000        21336.00000000        21736.00000000 
        9013.70589651            0.50000000      1267515.25000000        74425.00000000        63800.10156250        44852.39843750        66492.94531250       277261.00000000          959.00000000       220400.00000000         1184.00000000           90.00000000          108.00000000          100.00000000          137.00000000           99.00000000           94.00000000          104.00000000           94.00000000           98.00000000          121.00000000          127.00000000          120.00000000           69.00000000           70.00000000           86.00000000           88.00000000           92.00000000           63.00000000           87.00000000           89.00000000           76.00000000          112.00000000           98.00000000           99.00000000        18472.00000000        14412.00000000        18713.00000000        17942.00000000        20019.00000000        20031.00000000        20648.00000000        20700.00000000        19494.00000000        20440.00000000        21774.00000000        22167.00000000 
        9014.07329625            0.50000000      1265551.25000000        74449.00000000        63827.10156250        44728.39843750        66581.80468750       274847.00000000          954.00000000       217816.00000000         1149.00000000           78.00000000           95.00000000          113.00000000          136.00000000          100.00000000           97.00000000          117.00000000           95.00000000           66.00000000           98.00000000          128.00000000          121.00000000           69.00000000           74.00000000           88.00000000          119.00000000           79.00000000           79.00000000           77.00000000           69.00000000           82.00000000           99.00000000          104.00000000           89.00000000        18217.00000000        14296.00000000        18143.00000000        17920.00000000        19549.00000000        20067.00000000        20431.00000000        20286.00000000        19011.00000000        20478.00000000        21701.00000000        22013.00000000 
        9014.54571247            0.50000000      1267385.25000000        74477.00000000        64078.10156250        44710.39843750        66613.38281250       274613.00000000          908.00000000       218289.00000000         1209.00000000           89.00000000          109.00000000          105.00000000          118.00000000           72.00000000          105.00000000          137.00000000          115.00000000          111.00000000          141.00000000          121.00000000           95.00000000           66.00000000           60.00000000           76.00000000          124.00000000           71.00000000           76.00000000           85.00000000           89.00000000           58.00000000           80.00000000           98.00000000           85.00000000        18216.00000000        13993.00000000        18338.00000000        17878.00000000        19687.00000000        20055.00000000        20426.00000000        20592.00000000        19196.00000000        20425.00000000        21868.00000000        21608.00000000 
        9015.03567922            0.50000000      1265592.25000000        74374.00000000        64307.10156250        44665.39843750        66486.53906250       275858.00000000          897.00000000       219043.00000000         1104.00000000           67.00000000           98.00000000           82.00000000          132.00000000           96.00000000          100.00000000          129.00000000           93.00000000           74.00000000          100.00000000          121.00000000          110.00000000           58.00000000           70.00000000           78.00000000          134.00000000           69.00000000           86.00000000           83.00000000           67.00000000           61.00000000           91.00000000           95.00000000           75.00000000        18283.00000000        14092.00000000        18481.00000000        17923.00000000        19520.00000000        19898.00000000        20686.00000000        20388.00000000        19669.00000000        20368.00000000        21831.00000000        21996.00000000 
        9015.56070419            0.50000000      1264121.25000000        74482.00000000        64494.10156250        44505.39843750        66585.99218750       275754.00000000          918.00000000       219081.00000000         1207.00000000           75.00000000           81.00000000          102.00000000          142.00000000           92.00000000          107.00000000          126.00000000          116.00000000           92.00000000          117.00000000          135.00000000          103.00000000           68.00000000           69.00000000           84.00000000           97.00000000           88.00000000           90.00000000          100.00000000           75.00000000           52.00000000           93.00000000           87.00000000           84.00000000        18354.00000000        13963.00000000        18485.00000000        17773.00000000        19769.00000000        20184.00000000        20475.00000000        20600.00000000        19568.00000000        20209.00000000        21723.00000000        21941.00000000 
        9016.61094226            0.50384306      1273680.87500000        75006.13281250        66451.64843750        44984.73828125        67115.77343750       275679.00000000          916.00000000       219329.00000000         1155.00000000           76.00000000           85.00000000           89.00000000          113.00000000           95.00000000          109.00000000          117.00000000          119.00000000           94.00000000          117.00000000          121.00000000          105.00000000           75.00000000           74.00000000           73.00000000          117.00000000           95.00000000           73.00000000           78.00000000           69.00000000           65.00000000           87.00000000          117.00000000           67.00000000        18416.00000000        14259.00000000        18541.00000000        18090.00000000        19542.00000000        19906.00000000        20892.00000000        20666.00000000        19411.00000000        20376.00000000        21455.00000000        22034.00000000 
        9017.87155912            0.50765704      1285187.87500000        75390.62500000        69367.64843750        45851.45703125        67641.09375000       271231.00000000          920.00000000       215624.00000000         1096.00000000           86.00000000           86.00000000           87.00000000          121.00000000          112.00000000           93.00000000          106.00000000           78.00000000           95.00000000          112.00000000          119.00000000           87.00000000           54.00000000           77.00000000           74.00000000          120.00000000           76.00000000           69.00000000           89.00000000           77.00000000           64.00000000           97.00000000          105.00000000           95.00000000        18004.00000000        14202.00000000        18396.00000000        17897.00000000        19255.00000000        19602.00000000        20331.00000000        20209.00000000        19019.00000000        19985.00000000        21216.00000000        21710.00000000 
        9019.22011880            0.51144257      1290264.25000000        76034.41406250        72757.03125000        46620.49609375        68240.19531250       272478.00000000          926.00000000       216294.00000000         1084.00000000           81.00000000           97.00000000           84.00000000          116.00000000           91.00000000           91.00000000          125.00000000          111.00000000           78.00000000           95.00000000          130.00000000           82.00000000           61.00000000           68.00000000           83.00000000          102.00000000           88.00000000           87.00000000           90.00000000           71.00000000           63.00000000           85.00000000          117.00000000           79.00000000        17837.00000000        13965.00000000        18368.00000000        17812.00000000        19298.00000000        19630.00000000        20394.00000000        20000.00000000        19251.00000000        20249.00000000        21713.00000000        21742.00000000 
        9020.35883525            0.51520029      1297277.75000000        76826.39062500        75066.67968750        46994.73437500        69029.57812500       271648.00000000          928.00000000       216050.00000000         1076.00000000           82.00000000           98.00000000           86.00000000          124.00000000           85.00000000           89.00000000           91.00000000           81.00000000           93.00000000          114.00000000          122.00000000          109.00000000           55.00000000           85.00000000          103.00000000          116.00000000           82.00000000           75.00000000           98.00000000           81.00000000           66.00000000           72.00000000          110.00000000           70.00000000        18324.00000000        14129.00000000        18330.00000000        17762.00000000        19243.00000000        19557.00000000        20639.00000000        20219.00000000        19055.00000000        19908.00000000        21642.00000000        21371.00000000 
        9021.65557903            0.51893079      1306611.37500000        76918.54687500        76713.59375000        46812.17968750        69117.69531250       273422.00000000          915.00000000       217181.00000000         1111.00000000           73.00000000          108.00000000          107.00000000          140.00000000           92.00000000           90.00000000          111.00000000           90.00000000           83.00000000          114.00000000          106.00000000          105.00000000           57.00000000           78.00000000           86.00000000          117.00000000           88.00000000           74.00000000           86.00000000           77.00000000           61.00000000           83.00000000          115.00000000           71.00000000        17967.00000000        13902.00000000        18314.00000000        18140.00000000        19497.00000000        19835.00000000        20393.00000000        20448.00000000        19487.00000000        20077.00000000        21264.00000000        21759.00000000 
        9023.16308590            0.52263467      1314710.25000000        77456.82812500        78590.71093750        46766.76953125        69644.90625000       273793.00000000          929.00000000       217776.00000000         1125.00000000           67.00000000           75.00000000           86.00000000          128.00000000          117.00000000           91.00000000          108.00000000           98.00000000           91.00000000          118.00000000          122.00000000           99.00000000           64.00000000           82.00000000           89.00000000          126.00000000           79.00000000           79.00000000           92.00000000           81.00000000           76.00000000           82.00000000          101.00000000           60.00000000        18130.00000000        14204.00000000        18259.00000000        17908.00000000        19410.00000000        19833.00000000        20558.00000000        20542.00000000        19216.00000000        20429.00000000        21629.00000000        21862.00000000 
        9024.30282340            0.52631249      1323804.00000000        78163.06250000        80214.86718750        47022.33203125        70301.72656250       274929.00000000          937.00000000       218559.00000000         1152.00000000           89.00000000           99.00000000           97.00000000          125.00000000          112.00000000           90.00000000          118.00000000           90.00000000           73.00000000          132.00000000          111.00000000          115.00000000           68.00000000           83.00000000           81.00000000          128.00000000           84.00000000           70.00000000           99.00000000           85.00000000           61.00000000           82.00000000           89.00000000           90.00000000        18272.00000000        14151.00000000        18463.00000000        18017.00000000        19443.00000000        19918.00000000        20407.00000000        20694.00000000        19347.00000000        20258.00000000        21916.00000000        21824.00000000 
        9025.86386593            0.52996478      1338606.62500000        78648.25000000        81553.04687500        47388.85937500        70802.03125000       274515.00000000          917.00000000       218433.00000000         1189.00000000          100.00000000          119.00000000           98.00000000          126.00000000          105.00000000           93.00000000          122.00000000          104.00000000          108.00000000          103.00000000          130.00000000          100.00000000           62.00000000           80.00000000           71.00000000          113.00000000           88.00000000           79.00000000           85.00000000           80.00000000           69.00000000           88.00000000           93.00000000           89.00000000        18121.00000000        13972.00000000        18711.00000000        17978.00000000        19562.00000000        19636.00000000        20642.00000000        20766.00000000        19443.00000000        20006.00000000        21586.00000000        21982.00000000 
        9027.14468497            0.53359207      1347522.25000000        79434.39062500        82765.25000000        48656.36328125        71516.96875000       276132.00000000          919.00000000       219720.00000000         1128.00000000           76.00000000          100.00000000           96.00000000          135.00000000           98.00000000           92.00000000          118.00000000           90.00000000          101.00000000          112.00000000          111.00000000           99.00000000           68.00000000           82.00000000           77.00000000          112.00000000           84.00000000           80.00000000           97.00000000           92.00000000           67.00000000           69.00000000           95.00000000           78.00000000        18472.00000000        14311.00000000        18632.00000000        18344.00000000        19804.00000000        20008.00000000        20669.00000000        20240.00000000        19326.00000000        20385.00000000        21720.00000000        22120.00000000 
        9028.47853644            0.53719488      1357575.75000000        80180.30468750        83638.30468750        50418.66015625        72128.53906250       280164.00000000          930.00000000       222619.00000000         1217.00000000           91.00000000           99.00000000          106.00000000          137.00000000          106.00000000          105.00000000           99.00000000          113.00000000           84.00000000          137.00000000          118.00000000          121.00000000           60.00000000           60.00000000           85.00000000          106.00000000           78.00000000           75.00000000           92.00000000           83.00000000           57.00000000           99.00000000          107.00000000           88.00000000        18749.00000000        14743.00000000        18739.00000000        18457.00000000        19680.00000000        20169.00000000        20887.00000000        21055.00000000        19683.00000000        20740.00000000        22175.00000000        22285.00000000 
        9030.12885920            0.54077368      1365708.00000000        80639.06250000        84223.27343750        52514.80859375        72541.56250000       282018.00000000         1012.00000000       224401.00000000         1177.00000000           77.00000000          105.00000000           96.00000000          144.00000000          101.00000000          113.00000000          126.00000000          111.00000000           74.00000000           89.00000000          123.00000000          123.00000000           71.00000000           65.00000000           84.00000000          128.00000000           86.00000000           77.00000000          119.00000000           84.00000000           65.00000000          105.00000000          108.00000000           85.00000000        18461.00000000        14492.00000000        18988.00000000        18412.00000000        20149.00000000        20431.00000000        21320.00000000        20985.00000000        19900.00000000        21033.00000000        22133.00000000        22589.00000000 
        9031.39335459            0.54432895      1374359.87500000        81275.47656250        84577.97656250        54161.64062500        73144.93750000       282758.00000000          949.00000000       225240.00000000         1188.00000000           77.00000000           81.00000000          114.00000000          116.00000000          112.00000000           92.00000000          104.00000000          107.00000000          104.00000000          128.00000000          145.00000000           89.00000000           68.00000000           69.00000000           69.00000000          130.00000000           79.00000000           66.00000000          100.00000000           90.00000000           70.00000000           99.00000000          101.00000000           77.00000000        18920.00000000        14686.00000000        19296.00000000        18623.00000000        20066.00000000        20375.00000000        20988.00000000        21244.00000000        19756.00000000        20865.00000000        22390.00000000        22717.00000000 
        9033.00962712            0.54786115      1386058.50000000        81609.60937500        83909.46875000        55291.20703125        73401.21875000       286200.00000000          979.00000000       227226.00000000         1098.00000000           84.00000000          102.00000000          104.00000000          136.00000000           92.00000000           97.00000000          121.00000000           91.00000000           84.00000000          110.00000000           98.00000000           81.00000000           82.00000000           76.00000000           89.00000000          132.00000000           74.00000000           80.00000000           95.00000000           85.00000000           55.00000000          110.00000000           94.00000000           83.00000000        18910.00000000        14751.00000000        19388.00000000        18758.00000000        20567.00000000        20757.00000000        21210.00000000        21118.00000000        19932.00000000        21339.00000000        22548.00000000        22699.00000000 
        9034.34525616            0.55137072      1398212.75000000        82500.35156250        83433.63281250        55829.39453125        74111.57812500       291299.00000000         1024.00000000       231979.00000000         1154.00000000           66.00000000          116.00000000           86.00000000          122.00000000          112.00000000          106.00000000          124.00000000           99.00000000           80.00000000          126.00000000          137.00000000           96.00000000           82.00000000           72.00000000           86.00000000          120.00000000           75.00000000           74.00000000          112.00000000           98.00000000           68.00000000           96.00000000          125.00000000           88.00000000        19475.00000000        15071.00000000        19760.00000000        19139.00000000        20660.00000000        21189.00000000        21714.00000000        21640.00000000        20764.00000000        21445.00000000        22747.00000000        23446.00000000 
        9035.82194890            0.55485809      1408400.50000000        83157.64062500        82484.40625000        55680.14453125        74635.64843750       295521.00000000          991.00000000       235485.00000000         1206.00000000           90.00000000           86.00000000          101.00000000          112.00000000           93.00000000          117.00000000          107.00000000          103.00000000           99.00000000          131.00000000          134.00000000          119.00000000           64.00000000           94.00000000           87.00000000          101.00000000           90.00000000           91.00000000          100.00000000           81.00000000           73.00000000           96.00000000          117.00000000           91.00000000        19634.00000000        15235.00000000        20096.00000000        19460.00000000        21044.00000000        21211.00000000        22243.00000000        21961.00000000        20871.00000000        21832.00000000        23421.00000000        23712.00000000 
        9037.45743607            0.55832369      1420043.87500000        83560.46875000        81591.79687500        55112.45703125        74899.02343750       300885.00000000         1027.00000000       239275.00000000         1216.00000000           82.00000000           82.00000000           89.00000000          142.00000000          106.00000000           88.00000000          133.00000000          101.00000000          105.00000000          122.00000000          119.00000000          129.00000000           67.00000000           79.00000000           90.00000000          130.00000000           83.00000000           76.00000000          110.00000000           90.00000000           70.00000000          118.00000000          107.00000000           86.00000000        19822.00000000        15632.00000000        20100.00000000        19616.00000000        21530.00000000        22037.00000000        22551.00000000        22519.00000000        21246.00000000        22171.00000000        23711.00000000        23972.00000000 
        9038.95276713            0.56176790      1428162.62500000        84284.73437500        80743.67968750        54218.21875000        75544.66406250       302868.00000000         1033.00000000       240570.00000000         1272.00000000           94.00000000          114.00000000          115.00000000          157.00000000           98.00000000           93.00000000          158.00000000           94.00000000           91.00000000          117.00000000          145.00000000          110.00000000           74.00000000           84.00000000           84.00000000          131.00000000           91.00000000           75.00000000          118.00000000           81.00000000           76.00000000          113.00000000          104.00000000           86.00000000        20021.00000000        15687.00000000        20624.00000000        20101.00000000        21605.00000000        21711.00000000        22629.00000000        22484.00000000        21274.00000000        22299.00000000        24002.00000000        23820.00000000 
        9040.58941646            0.56519112      1441739.87500000        84772.49218750        79545.11718750        52904.48437500        75937.81250000       306285.00000000          998.00000000       243467.00000000         1242.00000000           84.00000000          108.00000000          104.00000000          144.00000000          100.00000000           95.00000000          141.00000000          128.00000000           85.00000000          113.00000000          142.00000000          106.00000000           64.00000000           85.00000000           87.00000000          104.00000000           79.00000000           85.00000000          116.00000000           79.00000000           66.00000000          111.00000000          110.00000000           97.00000000        20312.00000000        15789.00000000        20734.00000000        20405.00000000        21618.00000000        22126.00000000        23185.00000000        22670.00000000        21415.00000000        22575.00000000        24229.00000000        24198.00000000 
        9041.94495155            0.56859374      1446461.50000000        85117.61718750        78588.99218750        51982.13671875        76200.44531250       309791.00000000         1081.00000000       246559.00000000         1293.00000000          107.00000000           94.00000000          100.00000000          141.00000000          109.00000000          109.00000000          144.00000000          115.00000000           90.00000000          136.00000000          131.00000000          111.00000000           70.00000000           88.00000000           90.00000000          112.00000000          104.00000000           97.00000000          116.00000000           98.00000000           66.00000000          109.00000000          120.00000000           99.00000000        20638.00000000        15770.00000000        20932.00000000        20612.00000000        22046.00000000        22063.00000000        23092.00000000        23264.00000000        21666.00000000        23032.00000000        24260.00000000        24954.00000000 
        9043.82930921            0.57197611      1452301.37500000        85337.05468750        76803.23437500        50818.11718750        76387.29687500       311978.00000000         1049.00000000       248005.00000000         1305.00000000          110.00000000          116.00000000          103.00000000          153.00000000          142.00000000           96.00000000          133.00000000          105.00000000           81.00000000          134.00000000          142.00000000          106.00000000           83.00000000           90.00000000           72.00000000          117.00000000           83.00000000          100.00000000          117.00000000           85.00000000           84.00000000           99.00000000          101.00000000          108.00000000        20976.00000000        16387.00000000        21127.00000000        20644.00000000        21908.00000000        22581.00000000        23424.00000000        23142.00000000        21981.00000000        22819.00000000        24555.00000000        24848.00000000 
        9045.15060067            0.57533860      1467504.62500000        86227.81250000        76353.85937500        50676.42968750        77120.82031250       316086.00000000         1058.00000000       250993.00000000         1286.00000000          101.00000000          113.00000000          107.00000000          137.00000000          120.00000000          112.00000000          126.00000000          100.00000000           84.00000000          129.00000000          147.00000000          123.00000000           76.00000000           79.00000000           93.00000000          110.00000000           79.00000000           80.00000000          102.00000000          102.00000000           88.00000000          115.00000000          121.00000000           92.00000000        21139.00000000        16504.00000000        21280.00000000        20865.00000000        22462.00000000        22758.00000000        23571.00000000        23509.00000000        22374.00000000        23193.00000000        24762.00000000        25080.00000000 
        9047.03632837            0.57868155      1472533.12500000        86881.82812500        76217.79687500        50548.01171875        77674.98437500       319016.00000000         1073.00000000       253592.00000000         1351.00000000           84.00000000          114.00000000          117.00000000          148.00000000          128.00000000          135.00000000          146.00000000          134.00000000           93.00000000          137.00000000          121.00000000          108.00000000           80.00000000           82.00000000           83.00000000          126.00000000           87.00000000           94.00000000          119.00000000           83.00000000           69.00000000          125.00000000          119.00000000           88.00000000        21268.00000000        16546.00000000        21562.00000000        21046.00000000        22829.00000000        23021.00000000        23880.00000000        23793.00000000        22485.00000000        23293.00000000        24993.00000000        25422.00000000 
        9048.48201110            0.58200530      1483186.75000000        87377.04687500        76971.99218750        50595.80859375        78123.42187500       320646.00000000         1047.00000000       255048.00000000         1359.00000000           97.00000000          103.00000000          119.00000000          149.00000000          129.00000000          108.00000000          130.00000000          128.00000000           93.00000000          130.00000000          143.00000000          133.00000000           81.00000000           81.00000000           68.00000000          119.00000000           96.00000000           87.00000000          112.00000000           81.00000000           80.00000000          106.00000000          108.00000000          109.00000000        21672.00000000        16293.00000000        21756.00000000        21309.00000000        22490.00000000        23289.00000000        23917.00000000        23974.00000000        22519.00000000        23566.00000000        25121.00000000        25435.00000000 
        9050.28096048            0.58531018      1490497.75000000        87755.51562500        78295.50781250        50896.87890625        78490.54687500       321444.00000000         1107.00000000       255297.00000000         1333.00000000           89.00000000          100.00000000          108.00000000          136.00000000          116.00000000          113.00000000          146.00000000          129.00000000           98.00000000          151.00000000          147.00000000          100.00000000           77.00000000           69.00000000           92.00000000          109.00000000          105.00000000           88.00000000          122.00000000           98.00000000           70.00000000          112.00000000          139.00000000           95.00000000        21557.00000000        16738.00000000        21746.00000000        21296.00000000        22655.00000000        22885.00000000        24201.00000000        23753.00000000        22878.00000000        23594.00000000        25220.00000000        25512.00000000 
        9051.90417132            0.58859650      1498442.75000000        88328.07031250        79902.15625000        51716.04296875        79012.07031250       322914.00000000         1117.00000000       256454.00000000         1330.00000000          104.00000000          112.00000000          118.00000000          136.00000000          106.00000000          108.00000000          128.00000000          120.00000000           95.00000000          157.00000000          153.00000000          105.00000000           83.00000000          100.00000000           98.00000000          119.00000000           96.00000000           91.00000000          136.00000000          101.00000000           82.00000000          101.00000000          117.00000000           93.00000000        21661.00000000        16898.00000000        22048.00000000        21293.00000000        22948.00000000        23255.00000000        24016.00000000        24052.00000000        22636.00000000        23569.00000000        25344.00000000        25632.00000000 
        9053.73982415            0.59186457      1506960.87500000        88953.76562500        81027.00781250        52420.36328125        79580.15625000       324409.00000000         1104.00000000       257320.00000000         1356.00000000           99.00000000          107.00000000          120.00000000          156.00000000          125.00000000          115.00000000          134.00000000          111.00000000          101.00000000          122.00000000          135.00000000          138.00000000           89.00000000           81.00000000           83.00000000          153.00000000          105.00000000           76.00000000          120.00000000           99.00000000           63.00000000          105.00000000          139.00000000           72.00000000        21525.00000000        16723.00000000        22184.00000000        21474.00000000        22904.00000000        23572.00000000        24273.00000000        23904.00000000        22539.00000000        23818.00000000        25287.00000000        25840.00000000 
        9055.34664653            0.59511470      1515453.12500000        89251.54687500        81500.99218750        52655.77734375        79785.71875000       328355.00000000         1113.00000000       260990.00000000         1380.00000000          100.00000000          120.00000000          103.00000000          166.00000000          118.00000000          117.00000000          125.00000000          131.00000000          108.00000000          134.00000000          146.00000000          132.00000000           95.00000000           94.00000000           82.00000000          145.00000000          103.00000000           90.00000000          102.00000000           91.00000000           75.00000000          123.00000000          105.00000000          102.00000000        21905.00000000        16859.00000000        22098.00000000        21485.00000000        23397.00000000        23529.00000000        24615.00000000        24637.00000000        23218.00000000        24034.00000000        25910.00000000        26162.00000000 
        9057.07772455            0.59834717      1525981.37500000        90056.35156250        82009.05468750        52469.23437500        80506.53906250       330090.00000000         1119.00000000       262397.00000000         1344.00000000           94.00000000          115.00000000          127.00000000          141.00000000          131.00000000          105.00000000          129.00000000          124.00000000          116.00000000          123.00000000          142.00000000          112.00000000           86.00000000           95.00000000          109.00000000          148.00000000           87.00000000           78.00000000          123.00000000           89.00000000           79.00000000          111.00000000          122.00000000           87.00000000        21814.00000000        16905.00000000        21975.00000000        21655.00000000        23404.00000000        23693.00000000        24869.00000000        24940.00000000        23040.00000000        24417.00000000        26105.00000000        26485.00000000 
        9058.77413237            0.60156228      1533732.62500000        90400.12500000        82574.13281250        52242.66796875        80915.89843750       328239.00000000         1093.00000000       260617.00000000         1383.00000000          109.00000000          113.00000000          117.00000000          161.00000000          122.00000000           99.00000000          132.00000000          126.00000000          100.00000000          140.00000000          148.00000000          129.00000000           77.00000000           89.00000000           85.00000000          147.00000000           94.00000000           83.00000000          102.00000000           94.00000000           77.00000000           88.00000000          141.00000000          105.00000000        22209.00000000        17090.00000000        22394.00000000        21955.00000000        23200.00000000        23347.00000000        24463.00000000        24471.00000000        22934.00000000        24126.00000000        25733.00000000        25785.00000000 
        9060.78946286            0.60476029      1538170.87500000        90707.92187500        83260.29687500        51842.14453125        81163.25000000       330987.00000000         1161.00000000       262956.00000000         1358.00000000           98.00000000          105.00000000          117.00000000          155.00000000          131.00000000          108.00000000          142.00000000          131.00000000           97.00000000          112.00000000          132.00000000          135.00000000           70.00000000           86.00000000          110.00000000          119.00000000          110.00000000           78.00000000          101.00000000          105.00000000           92.00000000          112.00000000          134.00000000          130.00000000        22050.00000000        17143.00000000        22583.00000000        21815.00000000        23395.00000000        23676.00000000        24719.00000000        24585.00000000        23209.00000000        24339.00000000        25969.00000000        26616.00000000 
        9062.39885139            0.60794148      1546209.00000000        90924.69531250        83858.47656250        51797.59765625        81372.46093750       332183.00000000         1047.00000000       263726.00000000         1378.00000000           91.00000000          119.00000000          106.00000000          166.00000000          143.00000000           99.00000000          152.00000000          117.00000000           96.00000000          138.00000000          154.00000000          116.00000000           72.00000000           85.00000000           92.00000000          118.00000000           84.00000000           89.00000000           97.00000000           93.00000000           80.00000000          103.00000000          134.00000000           85.00000000        22094.00000000        16791.00000000        22279.00000000        22042.00000000        23537.00000000        24009.00000000        24733.00000000        24858.00000000        23271.00000000        24352.00000000        26005.00000000        26546.00000000 
        9064.29195912            0.61110611      1555752.12500000        91531.36718750        84723.61718750        51965.97265625        81931.55468750       333336.00000000         1078.00000000       265125.00000000         1365.00000000           99.00000000          100.00000000          113.00000000          126.00000000          114.00000000          112.00000000          150.00000000          127.00000000          105.00000000          137.00000000          166.00000000          116.00000000           89.00000000           98.00000000           85.00000000          150.00000000          100.00000000           85.00000000          116.00000000          101.00000000           59.00000000           97.00000000          110.00000000           86.00000000        22394.00000000        17301.00000000        22487.00000000        22312.00000000        23668.00000000        24052.00000000        25178.00000000        24598.00000000        23275.00000000        24563.00000000        26204.00000000        26394.00000000 
        9066.07965519            0.61425443      1567930.12500000        92057.89843750        84754.65625000        51475.21484375        82376.05468750       336009.00000000         1105.00000000       267370.00000000         1343.00000000           92.00000000          116.00000000          133.00000000          140.00000000          105.00000000           99.00000000          147.00000000          114.00000000          113.00000000          137.00000000          144.00000000          119.00000000           88.00000000          110.00000000           91.00000000          124.00000000           80.00000000          107.00000000          104.00000000           84.00000000           77.00000000          125.00000000          123.00000000          102.00000000        22633.00000000        17546.00000000        22717.00000000        22207.00000000        23800.00000000        24524.00000000        25128.00000000        25020.00000000        23187.00000000        24576.00000000        26621.00000000        26957.00000000 
        9068.11603090            0.61738670      1576254.00000000        92631.33593750        84615.65625000        50666.37500000        82870.90625000       338373.00000000         1132.00000000       268621.00000000         1385.00000000           94.00000000          107.00000000          105.00000000          152.00000000          129.00000000          116.00000000          123.00000000          123.00000000          104.00000000          147.00000000          158.00000000          134.00000000           72.00000000          102.00000000          106.00000000          140.00000000          104.00000000           94.00000000          112.00000000           80.00000000           81.00000000          110.00000000          130.00000000          103.00000000        22803.00000000        17663.00000000        22761.00000000        22522.00000000        24137.00000000        24236.00000000        25370.00000000        25061.00000000        23647.00000000        24720.00000000        26467.00000000        26897.00000000 
        9069.85211727            0.62050316      1584177.75000000        92957.57031250        84467.50000000        49864.34375000        83071.99218750       343313.00000000         1127.00000000       272922.00000000         1429.00000000          111.00000000          117.00000000          114.00000000          146.00000000          141.00000000          103.00000000          162.00000000          120.00000000           97.00000000          157.00000000          146.00000000          132.00000000           74.00000000           90.00000000          101.00000000          142.00000000           95.00000000           94.00000000          132.00000000           91.00000000           71.00000000          111.00000000          129.00000000           87.00000000        22666.00000000        17699.00000000        23298.00000000        22629.00000000        24216.00000000        24810.00000000        25711.00000000        26038.00000000        24218.00000000        25284.00000000        26838.00000000        27214.00000000 
        9071.94341128            0.62360405      1591219.12500000        93516.60156250        84366.17968750        49449.11718750        83548.53906250       345847.00000000         1181.00000000       274799.00000000         1445.00000000          118.00000000          126.00000000          119.00000000          156.00000000          132.00000000          126.00000000          167.00000000          124.00000000           95.00000000          124.00000000          167.00000000          117.00000000           89.00000000           93.00000000           90.00000000          136.00000000          124.00000000           86.00000000          119.00000000          111.00000000           80.00000000          127.00000000          121.00000000           98.00000000        22875.00000000        17873.00000000        23309.00000000        22911.00000000        24417.00000000        25011.00000000        25928.00000000        25715.00000000        24245.00000000        25571.00000000        27292.00000000        27525.00000000 
        9073.61006483            0.62668959      1599166.37500000        93853.42187500        84297.70312500        49545.69531250        83840.57812500       347874.00000000         1221.00000000       276576.00000000         1383.00000000          103.00000000          111.00000000          122.00000000          183.00000000          122.00000000           94.00000000          127.00000000          109.00000000          102.00000000          134.00000000          153.00000000          134.00000000           82.00000000           95.00000000          106.00000000          138.00000000          109.00000000          110.00000000          130.00000000          114.00000000           92.00000000          117.00000000          128.00000000           95.00000000        23271.00000000        18131.00000000        23320.00000000        22816.00000000        24592.00000000        25025.00000000        26025.00000000        26031.00000000        24535.00000000        25901.00000000        27282.00000000        27778.00000000 
        9075.77410453            0.62976002      1604880.37500000        94358.98437500        84343.00781250        50401.01953125        84269.89843750       350371.00000000         1209.00000000       278039.00000000         1557.00000000          118.00000000          127.00000000          127.00000000          162.00000000          152.00000000          115.00000000          162.00000000          133.00000000          112.00000000          162.00000000          164.00000000          150.00000000           89.00000000          105.00000000           99.00000000          159.00000000          115.00000000          111.00000000          107.00000000          103.00000000           92.00000000          106.00000000          125.00000000          103.00000000        23363.00000000        18084.00000000        23364.00000000        22966.00000000        24788.00000000        25361.00000000        26130.00000000        26034.00000000        24424.00000000        26079.00000000        27614.00000000        27916.00000000 
        9077.53094726            0.63281554      1611488.12500000        95182.28125000        84567.10156250        51507.09375000        85075.21875000       349590.00000000         1195.00000000       277661.00000000         1522.00000000          104.00000000          114.00000000          110.00000000          172.00000000          123.00000000          119.00000000          172.00000000          143.00000000          102.00000000          173.00000000          154.00000000          150.00000000           86.00000000           80.00000000          108.00000000          151.00000000           91.00000000          105.00000000          123.00000000          102.00000000           83.00000000          115.00000000          136.00000000           95.00000000        23535.00000000        18206.00000000        23942.00000000        23285.00000000        24660.00000000        25082.00000000        26196.00000000        26198.00000000        24269.00000000        25789.00000000        27280.00000000        27425.00000000 
        9079.66138842            0.63585639      1623215.50000000        95446.25000000        84912.90625000        53084.85546875        85199.09375000       355245.00000000         1221.00000000       282245.00000000         1473.00000000          112.00000000          118.00000000          123.00000000          153.00000000          130.00000000          110.00000000          133.00000000          133.00000000           91.00000000          186.00000000          159.00000000          143.00000000           87.00000000           99.00000000          100.00000000          158.00000000          102.00000000           84.00000000          130.00000000          112.00000000           83.00000000          124.00000000          139.00000000          102.00000000        23687.00000000        18163.00000000        24043.00000000        23351.00000000        25229.00000000        25378.00000000        26748.00000000        26315.00000000        24730.00000000        26458.00000000        28164.00000000        28142.00000000 
        9081.70402314            0.63888276      1628989.62500000        95744.90625000        85305.43750000        54475.30859375        85533.54687500       354526.00000000         1173.00000000       282127.00000000         1461.00000000          115.00000000          142.00000000          120.00000000          175.00000000          132.00000000          118.00000000          151.00000000          135.00000000          104.00000000          138.00000000          144.00000000          129.00000000           86.00000000           88.00000000           96.00000000          148.00000000           93.00000000           91.00000000          121.00000000           99.00000000           60.00000000          133.00000000          130.00000000          116.00000000        24249.00000000        18582.00000000        24190.00000000        23536.00000000        25079.00000000        25491.00000000        26566.00000000        26494.00000000        24909.00000000        25741.00000000        27876.00000000        27996.00000000 
        9083.60540764            0.64189486      1631055.37500000        96040.23437500        85580.69531250        55693.44921875        85770.60937500       357150.00000000         1242.00000000       283535.00000000         1472.00000000          103.00000000          125.00000000          120.00000000          149.00000000          156.00000000          124.00000000          138.00000000          147.00000000          100.00000000          147.00000000          153.00000000          135.00000000           98.00000000           77.00000000          118.00000000          150.00000000           93.00000000          101.00000000          109.00000000          103.00000000           88.00000000          120.00000000          141.00000000          121.00000000        23899.00000000        18496.00000000        23956.00000000        23319.00000000        25051.00000000        25663.00000000        26964.00000000        26407.00000000        25177.00000000        26492.00000000        28104.00000000        28503.00000000 
        9085.73877238            0.64489289      1634944.75000000        96654.18750000        86617.60937500        57232.21875000        86300.49218750       359472.00000000         1185.00000000       285712.00000000         1568.00000000          112.00000000          135.00000000          130.00000000          179.00000000          129.00000000          142.00000000          154.00000000          135.00000000           95.00000000          170.00000000          187.00000000          135.00000000           85.00000000           92.00000000          104.00000000          145.00000000           85.00000000           98.00000000          124.00000000          104.00000000           78.00000000          120.00000000          137.00000000          105.00000000        23779.00000000        18581.00000000        23988.00000000        23815.00000000        25724.00000000        25975.00000000        27125.00000000        26997.00000000        25153.00000000        26558.00000000        28173.00000000        28425.00000000 
        9087.57072968            0.64787705      1647266.75000000        96934.75781250        87565.18750000        58328.62109375        86582.02343750       360032.00000000         1244.00000000       285756.00000000         1505.00000000          129.00000000           96.00000000          133.00000000          160.00000000          123.00000000          122.00000000          149.00000000          129.00000000          111.00000000          178.00000000          134.00000000          137.00000000           75.00000000           88.00000000          124.00000000          143.00000000          114.00000000           97.00000000          102.00000000           99.00000000          115.00000000          142.00000000          130.00000000          103.00000000        23976.00000000        18619.00000000        24137.00000000        23568.00000000        25287.00000000        25885.00000000        27125.00000000        27015.00000000        25072.00000000        26806.00000000        28257.00000000        28628.00000000 
        9089.90178889            0.65084753      1656356.25000000        97212.89062500        89242.36718750        59991.59765625        86918.68750000       358535.00000000         1213.00000000       284871.00000000         1496.00000000          123.00000000          137.00000000          121.00000000          165.00000000          124.00000000          139.00000000          145.00000000          131.00000000          101.00000000          150.00000000          170.00000000          127.00000000          106.00000000          103.00000000          129.00000000          148.00000000           99.00000000           80.00000000          128.00000000          101.00000000           80.00000000          101.00000000          137.00000000          104.00000000        23944.00000000        18344.00000000        24199.00000000        23710.00000000        25385.00000000        25937.00000000        26703.00000000        26861.00000000        25159.00000000        26394.00000000        28128.00000000        28451.00000000 
        9091.75327368            0.65380452      1658214.37500000        97979.59375000        91172.15625000        62028.14453125        87635.96093750       359033.00000000         1267.00000000       285455.00000000         1504.00000000          101.00000000          150.00000000          124.00000000          163.00000000          146.00000000          118.00000000          150.00000000          124.00000000          127.00000000          145.00000000          156.00000000          150.00000000           86.00000000           83.00000000          107.00000000          174.00000000          123.00000000          103.00000000          123.00000000           91.00000000           89.00000000          131.00000000          133.00000000          107.00000000        24141.00000000        18611.00000000        24116.00000000        23728.00000000        25557.00000000        26109.00000000        26643.00000000        26936.00000000        25231.00000000        26217.00000000        28048.00000000        28729.00000000 
        9094.10434857            0.65674819      1668704.00000000        98277.85156250        93407.54687500        64914.26562500        88015.39062500       356627.00000000         1229.00000000       283259.00000000         1509.00000000          107.00000000          122.00000000          135.00000000          171.00000000          150.00000000          113.00000000          157.00000000          125.00000000          109.00000000          143.00000000          171.00000000          128.00000000           93.00000000           99.00000000          106.00000000          155.00000000          100.00000000          108.00000000          124.00000000          101.00000000           94.00000000          113.00000000          120.00000000          115.00000000        23981.00000000        18526.00000000        24190.00000000        23741.00000000        25211.00000000        25661.00000000        26432.00000000        26827.00000000        24936.00000000        26163.00000000        27653.00000000        28464.00000000 
        9096.45666991            0.65967872      1669966.25000000        98644.61718750        95548.47656250        67641.89843750        88339.75000000       358365.00000000         1240.00000000       284841.00000000         1448.00000000          112.00000000          127.00000000          120.00000000          146.00000000          137.00000000          120.00000000          163.00000000          142.00000000          128.00000000          119.00000000          155.00000000          106.00000000           90.00000000           78.00000000          107.00000000          156.00000000          121.00000000           92.00000000          112.00000000          117.00000000           82.00000000          121.00000000          133.00000000          109.00000000        24148.00000000        18714.00000000        24299.00000000        24084.00000000        25383.00000000        25908.00000000        26475.00000000        26741.00000000        24808.00000000        26218.00000000        28257.00000000        28520.00000000 
        9098.36439121            0.66259629      1680295.87500000        99203.82812500        97138.89843750        69238.99218750        88865.67968750       359052.00000000         1212.00000000       285232.00000000         1513.00000000          117.00000000          127.00000000          138.00000000          151.00000000          141.00000000          127.00000000          151.00000000          126.00000000          113.00000000          146.00000000          165.00000000          138.00000000           94.00000000           77.00000000           98.00000000          143.00000000          114.00000000           94.00000000          128.00000000           95.00000000           92.00000000          107.00000000          127.00000000          120.00000000        23848.00000000        18547.00000000        24392.00000000        24135.00000000        25455.00000000        25863.00000000        26765.00000000        26474.00000000        25206.00000000        26287.00000000        28062.00000000        28745.00000000 
        9100.70112945            0.66550107      1679005.00000000        99518.60156250        98615.91406250        70074.64843750        89200.89062500       358720.00000000         1170.00000000       284988.00000000         1453.00000000          104.00000000          115.00000000          135.00000000          177.00000000          163.00000000          115.00000000          147.00000000          115.00000000          104.00000000          142.00000000          136.00000000          115.00000000           94.00000000           93.00000000          105.00000000          148.00000000           92.00000000          102.00000000          115.00000000          108.00000000           63.00000000          122.00000000          119.00000000          102.00000000        23666.00000000        18625.00000000        24266.00000000        23626.00000000        25350.00000000        25728.00000000        26867.00000000        26935.00000000        25277.00000000        26444.00000000        28308.00000000        28521.00000000 
        9102.84273272            0.66839323      1697985.62500000        99699.82812500        99552.42187500        69971.77343750        89361.31250000       360351.00000000         1256.00000000       286455.00000000         1488.00000000          113.00000000          115.00000000          125.00000000          173.00000000          107.00000000          146.00000000          152.00000000          120.00000000          116.00000000          141.00000000          164.00000000          131.00000000          101.00000000           85.00000000          113.00000000          162.00000000           96.00000000          100.00000000          139.00000000          118.00000000           73.00000000          119.00000000          130.00000000          105.00000000        23825.00000000        18701.00000000        24290.00000000        23898.00000000        25519.00000000        26018.00000000        27110.00000000        26983.00000000        25418.00000000        26367.00000000        28438.00000000        28589.00000000 
        9105.00322877            0.67127293      1705388.62500000       100167.43750000       100054.35156250        69003.28906250        89748.07031250       363065.00000000         1249.00000000       288575.00000000         1554.00000000          133.00000000          125.00000000          138.00000000          173.00000000          139.00000000          133.00000000          157.00000000          145.00000000          103.00000000          148.00000000          156.00000000          129.00000000           85.00000000           85.00000000          107.00000000          135.00000000          106.00000000          100.00000000          153.00000000          112.00000000           91.00000000          106.00000000          136.00000000          118.00000000        24218.00000000        18706.00000000        24531.00000000        24052.00000000        25643.00000000        26399.00000000        27235.00000000        27167.00000000        25418.00000000        26556.00000000        28438.00000000        28918.00000000 
        9107.21838147            0.67414033      1707308.12500000       100668.49218750       100594.77343750        68102.25781250        90214.52343750       363988.00000000         1190.00000000       289293.00000000         1536.00000000          117.00000000          105.00000000          146.00000000          164.00000000          126.00000000          143.00000000          161.00000000          143.00000000           95.00000000          137.00000000          182.00000000          122.00000000           82.00000000          104.00000000           98.00000000          144.00000000          114.00000000           94.00000000          124.00000000          120.00000000           69.00000000          109.00000000          123.00000000          113.00000000        24333.00000000        18698.00000000        24889.00000000        23927.00000000        26053.00000000        26205.00000000        27269.00000000        27158.00000000        25486.00000000        26509.00000000        28479.00000000        28985.00000000 
        9109.20223750            0.67699558      1719817.00000000       100771.00000000       100326.67187500        66909.68750000        90286.52343750       366244.00000000         1253.00000000       290958.00000000         1475.00000000          112.00000000          123.00000000          123.00000000          167.00000000          126.00000000          131.00000000          150.00000000          118.00000000          112.00000000          139.00000000          165.00000000          132.00000000           94.00000000          102.00000000           99.00000000          144.00000000          139.00000000           86.00000000          121.00000000          122.00000000           76.00000000          119.00000000          147.00000000          106.00000000        24521.00000000        18873.00000000        24704.00000000        23957.00000000        25923.00000000        26520.00000000        27622.00000000        27590.00000000        25764.00000000        26787.00000000        28550.00000000        29020.00000000 
        9111.61622932            0.67983884      1722895.25000000       101215.83593750        99872.93750000        65825.46093750        90741.84375000       365740.00000000         1232.00000000       290702.00000000         1511.00000000          129.00000000          127.00000000          146.00000000          161.00000000          104.00000000          118.00000000          140.00000000          145.00000000          118.00000000          147.00000000          172.00000000          131.00000000           94.00000000          112.00000000          116.00000000          145.00000000           92.00000000          124.00000000          138.00000000          101.00000000           74.00000000          128.00000000          116.00000000          104.00000000        24629.00000000        19340.00000000        24914.00000000        24392.00000000        25895.00000000        26505.00000000        27210.00000000        27112.00000000        25543.00000000        26965.00000000        28538.00000000        28999.00000000 
        9113.81678580            0.68267026      1730910.87500000       101309.06250000        99030.63281250        64979.62500000        90816.48437500       367586.00000000         1178.00000000       292639.00000000         1503.00000000          125.00000000          116.00000000          118.00000000          148.00000000          155.00000000          130.00000000          142.00000000          134.00000000          102.00000000          143.00000000          146.00000000          160.00000000          105.00000000          101.00000000           99.00000000          129.00000000          105.00000000           94.00000000          120.00000000           97.00000000           97.00000000          105.00000000          121.00000000          106.00000000        24567.00000000        19013.00000000        25085.00000000        24515.00000000        26187.00000000        26578.00000000        27481.00000000        27324.00000000        25487.00000000        26880.00000000        28882.00000000        29653.00000000 
        9116.01843172            0.68548998      1737284.87500000       101935.67968750        98714.75000000        64738.18750000        91199.05468750       375548.00000000         1242.00000000       298803.00000000         1555.00000000          128.00000000          127.00000000          123.00000000          169.00000000          135.00000000          112.00000000          168.00000000          126.00000000           93.00000000          172.00000000          179.00000000          150.00000000           86.00000000           84.00000000          106.00000000          148.00000000          114.00000000          112.00000000          133.00000000          109.00000000           91.00000000          122.00000000          113.00000000          108.00000000        24822.00000000        19424.00000000        25130.00000000        24715.00000000        26795.00000000        27232.00000000        28156.00000000        28182.00000000        26512.00000000        27741.00000000        29549.00000000        29969.00000000 
        9118.54361101            0.68829815      1733189.25000000       102564.62500000        98904.23437500        64943.09375000        91776.16406250       376570.00000000         1273.00000000       298677.00000000         1564.00000000          110.00000000          124.00000000          135.00000000          173.00000000          127.00000000          138.00000000          150.00000000          165.00000000          108.00000000          160.00000000          157.00000000          141.00000000           86.00000000           92.00000000          109.00000000          163.00000000          112.00000000           92.00000000          140.00000000           99.00000000           80.00000000          129.00000000          141.00000000          122.00000000        24936.00000000        19551.00000000        25293.00000000        24870.00000000        26736.00000000        27251.00000000        28331.00000000        28072.00000000        26388.00000000        27455.00000000        29427.00000000        29918.00000000 
        9120.67590640            0.69109492      1741418.87500000       103131.84375000        99311.02343750        64875.27734375        92223.82031250       380243.00000000         1278.00000000       302045.00000000         1572.00000000          118.00000000          118.00000000          126.00000000          185.00000000          151.00000000          134.00000000          155.00000000          134.00000000          115.00000000          148.00000000          175.00000000          131.00000000           87.00000000           99.00000000           94.00000000          160.00000000          106.00000000          100.00000000          131.00000000          127.00000000          107.00000000          128.00000000          139.00000000           99.00000000        25485.00000000        19697.00000000        25514.00000000        24913.00000000        26981.00000000        27537.00000000        28676.00000000        28483.00000000        26687.00000000        27722.00000000        29679.00000000        30368.00000000 
        9122.93474497            0.69388040      1756420.87500000       103308.39062500        99237.17968750        63837.80468750        92407.40625000       380854.00000000         1223.00000000       301813.00000000         1652.00000000          113.00000000          138.00000000          118.00000000          185.00000000          161.00000000          135.00000000          168.00000000          132.00000000          106.00000000          164.00000000          203.00000000          167.00000000           84.00000000           86.00000000          105.00000000          147.00000000          124.00000000          102.00000000          116.00000000           94.00000000           88.00000000          130.00000000          142.00000000           91.00000000        25214.00000000        19810.00000000        25492.00000000        25327.00000000        27159.00000000        27183.00000000        28650.00000000        28203.00000000        26602.00000000        27809.00000000        29855.00000000        30319.00000000 
        9125.48179462            0.69665476      1761208.00000000       103837.21875000        99311.64062500        61934.60937500        92964.85937500       379351.00000000         1276.00000000       300871.00000000         1607.00000000          131.00000000          122.00000000          129.00000000          174.00000000          151.00000000          123.00000000          170.00000000          132.00000000          108.00000000          163.00000000          176.00000000          150.00000000           91.00000000          106.00000000          101.00000000          153.00000000          107.00000000           98.00000000          143.00000000          110.00000000           80.00000000          140.00000000          130.00000000          123.00000000        25315.00000000        19423.00000000        25814.00000000        25229.00000000        27149.00000000        27081.00000000        28169.00000000        28039.00000000        26531.00000000        27804.00000000        29835.00000000        29905.00000000 
        9127.76102453            0.69941810      1759173.62500000       104102.37500000        99859.46875000        60524.75390625        93171.82812500       381948.00000000         1283.00000000       303187.00000000         1624.00000000          107.00000000          130.00000000          157.00000000          171.00000000          152.00000000          141.00000000          171.00000000          126.00000000          136.00000000          188.00000000          171.00000000          104.00000000           88.00000000           83.00000000          100.00000000          152.00000000          120.00000000          122.00000000          120.00000000          111.00000000          100.00000000          138.00000000          112.00000000          120.00000000        25531.00000000        20196.00000000        26008.00000000        25273.00000000        26913.00000000        27489.00000000        28650.00000000        28580.00000000        26694.00000000        28006.00000000        29704.00000000        30339.00000000 
        9130.34675988            0.70217058      1752328.37500000       104218.74218750       100057.53906250        59491.12500000        93301.67187500       382526.00000000         1283.00000000       303450.00000000         1588.00000000          132.00000000          138.00000000          134.00000000          157.00000000          139.00000000          144.00000000          149.00000000          156.00000000          127.00000000          138.00000000          172.00000000          140.00000000           84.00000000           95.00000000          101.00000000          147.00000000          117.00000000           88.00000000          141.00000000          109.00000000           93.00000000          110.00000000          168.00000000          125.00000000        25592.00000000        19860.00000000        25848.00000000        25279.00000000        27297.00000000        27075.00000000        28572.00000000        28546.00000000        26972.00000000        27919.00000000        29942.00000000        30408.00000000 
        9132.88008061            0.70491230      1760095.25000000       103303.32812500        98900.86718750        58613.71484375        92601.34375000       379667.00000000         1266.00000000       301958.00000000         1518.00000000          125.00000000          129.00000000          150.00000000          166.00000000          142.00000000          126.00000000          152.00000000          128.00000000          114.00000000          130.00000000          148.00000000          137.00000000          121.00000000          101.00000000          103.00000000          150.00000000          109.00000000           93.00000000          130.00000000          115.00000000           77.00000000          117.00000000          136.00000000          115.00000000        25456.00000000        19865.00000000        25758.00000000        25436.00000000        26996.00000000        27206.00000000        28237.00000000        28255.00000000        26469.00000000        28031.00000000        29719.00000000        30395.00000000 
        9135.12713709            0.70764340      1775410.50000000       105568.18750000       100950.49218750        60175.58984375        94349.60156250       391238.00000000         1279.00000000       310548.00000000         1557.00000000           98.00000000          120.00000000          143.00000000          165.00000000          172.00000000          127.00000000          158.00000000          128.00000000          117.00000000          157.00000000          162.00000000          130.00000000           84.00000000           95.00000000          105.00000000          149.00000000          120.00000000          101.00000000          130.00000000          120.00000000           82.00000000          141.00000000          131.00000000          116.00000000        25969.00000000        20571.00000000        26477.00000000        25953.00000000        28120.00000000        28068.00000000        29436.00000000        29012.00000000        27196.00000000        28541.00000000        30777.00000000        30999.00000000 
        9137.62719461            0.71036400      1796689.00000000       106125.26562500       100975.36718750        60762.68750000        94777.75000000       395228.00000000         1392.00000000       314171.00000000         1616.00000000          114.00000000          126.00000000          148.00000000          162.00000000          143.00000000          125.00000000          157.00000000          153.00000000          120.00000000          165.00000000          188.00000000          141.00000000           97.00000000          101.00000000          136.00000000          178.00000000          119.00000000          118.00000000          129.00000000          129.00000000           95.00000000          125.00000000          138.00000000          128.00000000        26386.00000000        20390.00000000        26729.00000000        26268.00000000        28129.00000000        28535.00000000        29325.00000000        29595.00000000        27597.00000000        28993.00000000        31019.00000000        31595.00000000 
        9140.34467373            0.71307423      1801879.62500000       105923.55468750       100251.49218750        61375.00781250        94729.38281250       392008.00000000         1312.00000000       311457.00000000         1636.00000000          127.00000000          130.00000000          154.00000000          195.00000000          132.00000000          111.00000000          160.00000000          133.00000000          109.00000000          180.00000000          176.00000000          159.00000000          107.00000000           97.00000000          110.00000000          163.00000000          117.00000000          100.00000000          113.00000000          110.00000000           93.00000000          130.00000000          153.00000000          116.00000000        26508.00000000        20651.00000000        26636.00000000        26119.00000000        27979.00000000        28167.00000000        29164.00000000        29247.00000000        27154.00000000        28623.00000000        30787.00000000        31073.00000000 
        9142.68555219            0.71577419      1807345.50000000       106331.00000000       100625.80468750        62910.49218750        95088.99218750       393664.00000000         1351.00000000       312461.00000000         1614.00000000          113.00000000          148.00000000          131.00000000          191.00000000          153.00000000          127.00000000          170.00000000          137.00000000          134.00000000          160.00000000          162.00000000          136.00000000           99.00000000           84.00000000          115.00000000          168.00000000          127.00000000          109.00000000          134.00000000          125.00000000           81.00000000          131.00000000          154.00000000          108.00000000        26396.00000000        20579.00000000        26842.00000000        26267.00000000        27853.00000000        28288.00000000        29124.00000000        29539.00000000        27526.00000000        28732.00000000        30949.00000000        30945.00000000 
        9145.15380776            0.71846400      1814691.50000000       106586.60937500       100993.29687500        64792.14062500        95252.73437500       397474.00000000         1326.00000000       315551.00000000         1656.00000000          123.00000000          122.00000000          147.00000000          181.00000000          133.00000000          152.00000000          165.00000000          145.00000000          130.00000000          189.00000000          154.00000000          137.00000000          102.00000000           94.00000000          108.00000000          158.00000000          130.00000000          105.00000000          123.00000000           94.00000000           94.00000000          123.00000000          150.00000000          139.00000000        26697.00000000        20701.00000000        26857.00000000        26053.00000000        28144.00000000        28768.00000000        29764.00000000        29912.00000000        27948.00000000        28768.00000000        31162.00000000        31478.00000000 
        9147.76768278            0.72114378      1819546.62500000       107050.36718750       102134.98437500        67694.95312500        95702.39843750       397692.00000000         1369.00000000       315694.00000000         1575.00000000          108.00000000          139.00000000          148.00000000          188.00000000          107.00000000          135.00000000          178.00000000          133.00000000          120.00000000          159.00000000          149.00000000          150.00000000           90.00000000          113.00000000          105.00000000          146.00000000          128.00000000          118.00000000          139.00000000          111.00000000           91.00000000          156.00000000          161.00000000          124.00000000        26508.00000000        20500.00000000        27078.00000000        26270.00000000        28260.00000000        28514.00000000        29810.00000000        29512.00000000        28160.00000000        29124.00000000        30885.00000000        31573.00000000 
        9150.36504655            0.72381364      1829250.00000000       107554.35156250       103093.92187500        70678.99218750        96227.42187500       396490.00000000         1320.00000000       314978.00000000         1629.00000000           97.00000000          135.00000000          140.00000000          175.00000000          148.00000000          133.00000000          176.00000000          150.00000000          126.00000000          158.00000000          177.00000000          149.00000000           94.00000000           99.00000000          129.00000000          171.00000000          110.00000000          110.00000000          144.00000000           92.00000000           80.00000000          136.00000000          148.00000000          106.00000000        26848.00000000        20648.00000000        26885.00000000        26319.00000000        28274.00000000        28433.00000000        29676.00000000        29677.00000000        27425.00000000        29074.00000000        31048.00000000        31319.00000000 
        9152.92781598            0.72647369      1832435.37500000       108014.42968750       104557.98437500        73992.13281250        96543.03906250       401392.00000000         1380.00000000       318657.00000000         1667.00000000          134.00000000          145.00000000          137.00000000          195.00000000          156.00000000          132.00000000          149.00000000          166.00000000           97.00000000          175.00000000          178.00000000          148.00000000          111.00000000           92.00000000          104.00000000          173.00000000          129.00000000          103.00000000          163.00000000          119.00000000           85.00000000          135.00000000          124.00000000          134.00000000        26698.00000000        20760.00000000        27025.00000000        26465.00000000        28649.00000000        29203.00000000        30125.00000000        29855.00000000        28043.00000000        29312.00000000        31306.00000000        31976.00000000 
        9155.36561579            0.72912403      1842331.00000000       108322.60937500       105346.17187500        76705.39062500        96960.74218750       397746.00000000         1375.00000000       315562.00000000         1667.00000000          126.00000000          125.00000000          149.00000000          173.00000000          142.00000000          131.00000000          172.00000000          147.00000000          135.00000000          160.00000000          175.00000000          157.00000000           95.00000000           95.00000000          109.00000000          160.00000000          117.00000000          113.00000000          137.00000000          140.00000000           94.00000000          126.00000000          161.00000000          123.00000000        26583.00000000        20710.00000000        26949.00000000        26619.00000000        28088.00000000        28827.00000000        29491.00000000        29650.00000000        27829.00000000        29095.00000000        31225.00000000        31206.00000000 
        9158.22043462            0.73176478      1853455.62500000       108576.88281250       106197.49218750        78960.74218750        97180.92187500       399454.00000000         1305.00000000       317656.00000000         1688.00000000          139.00000000          147.00000000          154.00000000          190.00000000          156.00000000          134.00000000          171.00000000          141.00000000          127.00000000          170.00000000          167.00000000          139.00000000          100.00000000           88.00000000          113.00000000          163.00000000          107.00000000          106.00000000          156.00000000          104.00000000           78.00000000          115.00000000          145.00000000          118.00000000        26748.00000000        20715.00000000        27343.00000000        26692.00000000        28418.00000000        28734.00000000        29917.00000000        29823.00000000        27691.00000000        29180.00000000        31351.00000000        31759.00000000 
        9160.87813858            0.73439602      1858779.37500000       108908.32031250       107172.00000000        79708.26562500        97470.83593750       401133.00000000         1335.00000000       318678.00000000         1723.00000000          115.00000000          127.00000000          134.00000000          188.00000000          156.00000000          146.00000000          185.00000000          157.00000000          117.00000000          191.00000000          179.00000000          155.00000000          102.00000000           94.00000000          120.00000000          153.00000000          105.00000000          132.00000000          119.00000000          110.00000000           89.00000000          127.00000000          167.00000000          111.00000000        26854.00000000        20875.00000000        27386.00000000        26633.00000000        28521.00000000        28772.00000000        29851.00000000        29891.00000000        28160.00000000        29348.00000000        31226.00000000        32036.00000000 
        9163.22980602            0.73701788      1852440.25000000       108960.79687500       107436.57031250        78936.83593750        97511.71875000       402785.00000000         1361.00000000       320008.00000000         1718.00000000          119.00000000          132.00000000          143.00000000          189.00000000          151.00000000          164.00000000          179.00000000          143.00000000          116.00000000          174.00000000          191.00000000          149.00000000           98.00000000          108.00000000           95.00000000          182.00000000          112.00000000          117.00000000          135.00000000          100.00000000          103.00000000          115.00000000          174.00000000          130.00000000        26713.00000000        20746.00000000        27209.00000000        26740.00000000        28598.00000000        28976.00000000        30095.00000000        30086.00000000        28133.00000000        29594.00000000        31611.00000000        32253.00000000 
        9165.96291138            0.73963044      1864674.25000000       109749.37500000       108358.27343750        77557.51562500        98227.14843750       403863.00000000         1388.00000000       320536.00000000         1699.00000000          129.00000000          128.00000000          139.00000000          196.00000000          136.00000000          157.00000000          153.00000000          146.00000000          128.00000000          167.00000000          201.00000000          147.00000000           88.00000000          102.00000000          120.00000000          152.00000000          134.00000000          130.00000000          129.00000000          116.00000000          104.00000000          157.00000000          147.00000000          111.00000000        27099.00000000        21395.00000000        27442.00000000        26723.00000000        28571.00000000        28936.00000000        30149.00000000        30163.00000000        28198.00000000        29785.00000000        31622.00000000        31848.00000000 
        9168.80638858            0.74223380      1874502.25000000       110190.99218750       108919.04687500        75750.24218750        98548.52343750       407942.00000000         1401.00000000       323334.00000000         1732.00000000          121.00000000          128.00000000          158.00000000          220.00000000          158.00000000          116.00000000          163.00000000          147.00000000          132.00000000          188.00000000          180.00000000          149.00000000           96.00000000          130.00000000          126.00000000          174.00000000          111.00000000          106.00000000          149.00000000          140.00000000          102.00000000          135.00000000          152.00000000          110.00000000        27532.00000000        21405.00000000        27776.00000000        27159.00000000        28841.00000000        29441.00000000        30489.00000000        30152.00000000        28294.00000000        29908.00000000        31794.00000000        31948.00000000 
        9171.45226348            0.74482807      1877908.25000000       110839.71093750       109482.94531250        74651.07031250        99143.02343750       408854.00000000         1379.00000000       324354.00000000         1641.00000000          114.00000000          134.00000000          141.00000000          173.00000000          135.00000000          150.00000000          168.00000000          150.00000000          112.00000000          165.00000000          191.00000000          142.00000000          100.00000000           95.00000000          121.00000000          141.00000000          139.00000000          110.00000000          149.00000000          116.00000000           82.00000000          134.00000000          161.00000000          126.00000000        27640.00000000        21410.00000000        28154.00000000        27037.00000000        28978.00000000        29538.00000000        30542.00000000        30256.00000000        28447.00000000        29827.00000000        31654.00000000        32281.00000000 
        9174.09970312            0.74741333      1872358.37500000       111048.41406250       109705.85937500        73916.89062500        99244.82812500       413320.00000000         1397.00000000       327967.00000000         1703.00000000          124.00000000          132.00000000          129.00000000          170.00000000          155.00000000          141.00000000          172.00000000          154.00000000          133.00000000          184.00000000          179.00000000          162.00000000          111.00000000          110.00000000          112.00000000          149.00000000          130.00000000          132.00000000          152.00000000          111.00000000           89.00000000          133.00000000          148.00000000          130.00000000        27630.00000000        21301.00000000        27909.00000000        27301.00000000        29378.00000000        29747.00000000        30838.00000000        30698.00000000        29061.00000000        30257.00000000        32312.00000000        32836.00000000 
        9176.78500752            0.74998968      1884064.50000000       111307.21875000       110070.89843750        73850.82031250        99487.85937500       414323.00000000         1392.00000000       329115.00000000         1686.00000000          122.00000000          111.00000000          156.00000000          178.00000000          157.00000000          148.00000000          175.00000000          154.00000000          121.00000000          158.00000000          180.00000000          137.00000000           88.00000000          120.00000000          121.00000000          157.00000000          137.00000000          115.00000000          136.00000000          116.00000000           96.00000000          144.00000000          164.00000000          118.00000000        27395.00000000        21611.00000000        28016.00000000        27493.00000000        29110.00000000        30002.00000000        31500.00000000        30760.00000000        28793.00000000        30406.00000000        32807.00000000        32833.00000000 
        9179.79881958            0.75255721      1890839.62500000       112060.00000000       110806.94531250        74458.74218750       100154.57031250       415961.00000000         1381.00000000       330450.00000000         1745.00000000          122.00000000          137.00000000          143.00000000          189.00000000          179.00000000          137.00000000          163.00000000          156.00000000          149.00000000          186.00000000          186.00000000          135.00000000          111.00000000          104.00000000          130.00000000          181.00000000          123.00000000           91.00000000          152.00000000          113.00000000          107.00000000          131.00000000          125.00000000          117.00000000        28140.00000000        21588.00000000        28493.00000000        27515.00000000        29297.00000000        30007.00000000        30893.00000000        31073.00000000        28827.00000000        30604.00000000        32676.00000000        32925.00000000 
        9182.61475241            0.75511601      1896062.75000000       111916.77343750       110977.00000000        74973.64843750       100056.42968750       416301.00000000         1431.00000000       330684.00000000         1753.00000000          127.00000000          165.00000000          167.00000000          197.00000000          151.00000000          134.00000000          199.00000000          136.00000000          128.00000000          170.00000000          191.00000000          153.00000000           99.00000000          107.00000000          126.00000000          169.00000000          122.00000000          116.00000000          142.00000000          130.00000000           87.00000000          141.00000000          174.00000000          125.00000000        27918.00000000        21582.00000000        28398.00000000        27644.00000000        29389.00000000        30108.00000000        31029.00000000        31168.00000000        28814.00000000        30178.00000000        32774.00000000        33264.00000000 
        9185.15969704            0.75766617      1906504.00000000       112858.58593750       111688.13281250        75655.60937500       100881.57812500       418310.00000000         1438.00000000       331958.00000000         1761.00000000          138.00000000          132.00000000          157.00000000          191.00000000          152.00000000          147.00000000          185.00000000          160.00000000          131.00000000          166.00000000          196.00000000          138.00000000          106.00000000          110.00000000          107.00000000          153.00000000          126.00000000          104.00000000          147.00000000          147.00000000           95.00000000          149.00000000          154.00000000          150.00000000        27942.00000000        21373.00000000        28303.00000000        27745.00000000        29748.00000000        30364.00000000        31339.00000000        30672.00000000        29159.00000000        30583.00000000        32843.00000000        33260.00000000 
        9187.96080556            0.76020777      1900735.00000000       113433.32031250       112670.21093750        76490.50000000       101289.52343750       423490.00000000         1447.00000000       336378.00000000         1780.00000000          130.00000000          152.00000000          157.00000000          181.00000000          163.00000000          147.00000000          183.00000000          141.00000000          120.00000000          196.00000000          207.00000000          155.00000000          104.00000000          123.00000000          128.00000000          172.00000000          127.00000000          112.00000000          129.00000000          144.00000000           84.00000000          147.00000000          162.00000000          138.00000000        28091.00000000        21798.00000000        28841.00000000        28008.00000000        29743.00000000        30716.00000000        31698.00000000        31629.00000000        29818.00000000        31037.00000000        32867.00000000        33930.00000000 
        9190.92752218            0.76274091      1921119.25000000       113909.10156250       113293.35156250        77080.43750000       101800.38281250       421834.00000000         1395.00000000       335344.00000000         1700.00000000          120.00000000          138.00000000          146.00000000          174.00000000          171.00000000          145.00000000          158.00000000          148.00000000          123.00000000          163.00000000          208.00000000          144.00000000          117.00000000          102.00000000          113.00000000          158.00000000          108.00000000          101.00000000          165.00000000          125.00000000           77.00000000          156.00000000          155.00000000          120.00000000        28478.00000000        21948.00000000        28914.00000000        28286.00000000        29790.00000000        30416.00000000        31342.00000000        31190.00000000        29428.00000000        31015.00000000        33092.00000000        33393.00000000 
        9193.82332726            0.76526566      1923022.25000000       113964.86718750       113752.50781250        77935.36718750       101853.91406250       423098.00000000         1399.00000000       335752.00000000         1718.00000000          117.00000000          137.00000000          139.00000000          184.00000000          153.00000000          146.00000000          160.00000000          150.00000000          131.00000000          181.00000000          207.00000000          150.00000000           76.00000000          100.00000000          117.00000000          166.00000000          141.00000000          122.00000000          154.00000000          127.00000000           78.00000000          141.00000000          144.00000000          133.00000000        28363.00000000        21749.00000000        28389.00000000        28233.00000000        30220.00000000        30518.00000000        31618.00000000        31629.00000000        29390.00000000        30665.00000000        33035.00000000        33692.00000000 
        9196.79392356            0.76778210      1927151.37500000       114431.55468750       114610.61718750        78840.22656250       102193.83593750       427247.00000000         1400.00000000       338352.00000000         1783.00000000          143.00000000          141.00000000          146.00000000          204.00000000          164.00000000          140.00000000          180.00000000          159.00000000          132.00000000          189.00000000          171.00000000          155.00000000          103.00000000          117.00000000          129.00000000          154.00000000          129.00000000           98.00000000          129.00000000          136.00000000           94.00000000          144.00000000          164.00000000          120.00000000        28606.00000000        22184.00000000        28869.00000000        28428.00000000        30098.00000000        30610.00000000        31634.00000000        31707.00000000        29792.00000000        31473.00000000        33221.00000000        33914.00000000 
        9199.32868513            0.77029033      1932405.37500000       114424.17187500       114920.67187500        78821.01562500       102332.71093750       423424.00000000         1420.00000000       336020.00000000         1735.00000000          121.00000000          142.00000000          140.00000000          202.00000000          145.00000000          166.00000000          179.00000000          126.00000000          113.00000000          195.00000000          173.00000000          175.00000000          115.00000000          116.00000000          124.00000000          158.00000000          132.00000000          120.00000000          137.00000000          115.00000000           89.00000000          157.00000000          154.00000000          119.00000000        28242.00000000        22048.00000000        28948.00000000        28476.00000000        29912.00000000        30385.00000000        31739.00000000        31282.00000000        29655.00000000        30748.00000000        32930.00000000        33703.00000000 
        9202.24816856            0.77279041      1935677.25000000       114737.77343750       115802.73437500        78276.79687500       102621.64062500       424494.00000000         1465.00000000       336680.00000000         1787.00000000          148.00000000          135.00000000          155.00000000          185.00000000          163.00000000          129.00000000          196.00000000          184.00000000          111.00000000          174.00000000          175.00000000          167.00000000          131.00000000          128.00000000          103.00000000          168.00000000          131.00000000          119.00000000          158.00000000          115.00000000          106.00000000          144.00000000          161.00000000          129.00000000        28768.00000000        21955.00000000        28623.00000000        28201.00000000        29919.00000000        30741.00000000        31806.00000000        31433.00000000        29491.00000000        31194.00000000        32944.00000000        33560.00000000 
        9205.33393468            0.77528244      1940189.12500000       115167.29687500       116569.75000000        77279.51562500       102898.21093750       429725.00000000         1471.00000000       340933.00000000         1791.00000000          124.00000000          131.00000000          165.00000000          189.00000000          159.00000000          159.00000000          181.00000000          179.00000000          139.00000000          177.00000000          170.00000000          149.00000000           94.00000000          125.00000000          145.00000000          177.00000000          155.00000000          110.00000000          142.00000000          135.00000000          105.00000000          131.00000000          162.00000000          115.00000000        28428.00000000        22265.00000000        28966.00000000        28701.00000000        30354.00000000        30852.00000000        31897.00000000        31917.00000000        30512.00000000        31356.00000000        33823.00000000        34127.00000000 
        9208.34871049            0.77776648      1943588.00000000       115414.75000000       117402.71875000        76904.15625000       103255.96875000       426190.00000000         1486.00000000       338509.00000000         1831.00000000          137.00000000          136.00000000          162.00000000          200.00000000          156.00000000          144.00000000          186.00000000          170.00000000          127.00000000          186.00000000          183.00000000          180.00000000          106.00000000           98.00000000          139.00000000          166.00000000          133.00000000          110.00000000          157.00000000          115.00000000           97.00000000          169.00000000          158.00000000          136.00000000        28669.00000000        22217.00000000        28943.00000000        28111.00000000        30233.00000000        30641.00000000        32038.00000000        31684.00000000        29634.00000000        31481.00000000        33352.00000000        33723.00000000 
        9211.40208907            0.78024261      1943848.62500000       116014.12500000       118507.63281250        77421.73437500       103662.53125000       432198.00000000         1441.00000000       343093.00000000         1743.00000000          134.00000000          139.00000000          150.00000000          220.00000000          157.00000000          124.00000000          168.00000000          157.00000000          124.00000000          166.00000000          193.00000000          150.00000000          110.00000000          119.00000000          118.00000000          175.00000000          137.00000000          125.00000000          142.00000000          127.00000000          104.00000000          141.00000000          151.00000000          111.00000000        29337.00000000        22269.00000000        29219.00000000        28599.00000000        30803.00000000        31197.00000000        32068.00000000        32228.00000000        30324.00000000        31578.00000000        33612.00000000        34128.00000000 
        9214.12811211            0.78271090      1951525.25000000       116066.37500000       119130.43750000        78042.18750000       103806.67187500       430061.00000000         1396.00000000       341439.00000000         1784.00000000          125.00000000          122.00000000          148.00000000          189.00000000          159.00000000          157.00000000          184.00000000          177.00000000          139.00000000          164.00000000          168.00000000          174.00000000          120.00000000          125.00000000          135.00000000          170.00000000          107.00000000           99.00000000          128.00000000          133.00000000           97.00000000          128.00000000          149.00000000          130.00000000        28814.00000000        22387.00000000        29250.00000000        28617.00000000        30609.00000000        30857.00000000        31877.00000000        32133.00000000        30075.00000000        31496.00000000        33702.00000000        34009.00000000 
        9217.02059999            0.78517144      1960014.75000000       116539.54687500       120308.19531250        79281.57031250       104262.31250000       430246.00000000         1423.00000000       341635.00000000         1721.00000000          132.00000000          147.00000000          136.00000000          191.00000000          157.00000000          135.00000000          163.00000000          165.00000000          126.00000000          175.00000000          181.00000000          160.00000000          106.00000000          115.00000000          143.00000000          156.00000000          120.00000000          114.00000000          141.00000000          133.00000000          103.00000000          139.00000000          123.00000000          145.00000000        28731.00000000        22073.00000000        29162.00000000        28822.00000000        30603.00000000        30915.00000000        32106.00000000        32007.00000000        30127.00000000        31332.00000000        33592.00000000        34238.00000000 
        9220.15317376            0.78762429      1950581.12500000       116797.58593750       121044.84375000        80756.82812500       104485.42968750       431869.00000000         1405.00000000       342697.00000000         1838.00000000          138.00000000          164.00000000          161.00000000          191.00000000          154.00000000          159.00000000          196.00000000          145.00000000          137.00000000          197.00000000          207.00000000          153.00000000           91.00000000          119.00000000          127.00000000          162.00000000          133.00000000          127.00000000          136.00000000          121.00000000           91.00000000          150.00000000          137.00000000          130.00000000        29058.00000000        22479.00000000        29144.00000000        28765.00000000        30822.00000000        31125.00000000        32534.00000000        31850.00000000        29954.00000000        31805.00000000        33592.00000000        34048.00000000 
        9223.36128268            0.79006953      1974081.50000000       116566.55468750       121618.44531250        82562.01562500       104292.91406250       432697.00000000         1462.00000000       343543.00000000         1818.00000000          117.00000000          161.00000000          146.00000000          215.00000000          167.00000000          144.00000000          179.00000000          170.00000000          132.00000000          176.00000000          198.00000000          174.00000000          132.00000000          102.00000000          140.00000000          185.00000000          126.00000000          110.00000000          134.00000000          134.00000000          103.00000000          126.00000000          147.00000000          125.00000000        28616.00000000        22358.00000000        29318.00000000        28440.00000000        30942.00000000        31133.00000000        32545.00000000        32424.00000000        30417.00000000        31627.00000000        33711.00000000        34370.00000000 
        9226.49827264            0.79250722      1983795.62500000       117069.39062500       122018.92968750        84572.07812500       104792.92968750       432219.00000000         1494.00000000       342798.00000000         1784.00000000          117.00000000          138.00000000          171.00000000          199.00000000          140.00000000          164.00000000          159.00000000          175.00000000          137.00000000          164.00000000          187.00000000          171.00000000           98.00000000          103.00000000          116.00000000          195.00000000          125.00000000          139.00000000          172.00000000          128.00000000           93.00000000          134.00000000          168.00000000          126.00000000        29329.00000000        22212.00000000        29285.00000000        29023.00000000        30418.00000000        30822.00000000        32379.00000000        32059.00000000        29984.00000000        31908.00000000        33711.00000000        33880.00000000 
        9229.39872096            0.79493744      1992826.62500000       117641.03125000       122975.25000000        86971.95312500       105273.10156250       434683.00000000         1485.00000000       344715.00000000         1769.00000000          122.00000000          154.00000000          143.00000000          174.00000000          150.00000000          156.00000000          195.00000000          167.00000000          138.00000000          160.00000000          200.00000000          164.00000000           97.00000000          137.00000000          129.00000000          185.00000000          117.00000000          116.00000000          150.00000000          140.00000000          110.00000000          144.00000000          144.00000000          153.00000000        29305.00000000        22503.00000000        29634.00000000        28938.00000000        30569.00000000        31400.00000000        32473.00000000        32107.00000000        30024.00000000        31884.00000000        34127.00000000        34254.00000000 
        9232.46641541            0.79736024      1995363.50000000       117721.60937500       123464.52343750        88860.76562500       105381.99218750       434676.00000000         1514.00000000       345490.00000000         1783.00000000          128.00000000          171.00000000          154.00000000          199.00000000          150.00000000          142.00000000          188.00000000          153.00000000          147.00000000          163.00000000          186.00000000          173.00000000          115.00000000          112.00000000          117.00000000          179.00000000          139.00000000          125.00000000          156.00000000          115.00000000          111.00000000          136.00000000          197.00000000          124.00000000        29333.00000000        22524.00000000        29543.00000000        28837.00000000        31050.00000000        31493.00000000        32506.00000000        32219.00000000        30065.00000000        31589.00000000        34324.00000000        34531.00000000 
        9235.35232069            0.79977571      2001222.25000000       118149.98437500       123994.62500000        90337.39062500       105659.49218750       439824.00000000         1505.00000000       348793.00000000         1781.00000000          138.00000000          132.00000000          133.00000000          200.00000000          159.00000000          144.00000000          194.00000000          126.00000000          137.00000000          200.00000000          189.00000000          161.00000000          107.00000000          123.00000000          139.00000000          172.00000000          132.00000000          121.00000000          163.00000000          114.00000000          107.00000000          166.00000000          144.00000000          140.00000000        29229.00000000        22723.00000000        29533.00000000        28873.00000000        31309.00000000        31715.00000000        32927.00000000        32872.00000000        30884.00000000        32248.00000000        34160.00000000        35043.00000000 
        9238.64487513            0.80218391      2010920.75000000       118064.17968750       124254.55468750        91265.82812500       105641.43750000       439020.00000000         1515.00000000       348847.00000000         1880.00000000          129.00000000          192.00000000          174.00000000          198.00000000          157.00000000          154.00000000          186.00000000          170.00000000          138.00000000          189.00000000          199.00000000          186.00000000          111.00000000          129.00000000          126.00000000          182.00000000          121.00000000          120.00000000          156.00000000          142.00000000          108.00000000          133.00000000          185.00000000          131.00000000        29037.00000000        22960.00000000        29730.00000000        29526.00000000        31242.00000000        31753.00000000        33053.00000000        32580.00000000        30748.00000000        32125.00000000        34315.00000000        34738.00000000 
        9241.84776385            0.80458490      2010261.25000000       118586.24218750       124811.38281250        91705.14843750       106090.18750000       441000.00000000         1518.00000000       350416.00000000         1817.00000000          129.00000000          160.00000000          150.00000000          204.00000000          164.00000000          142.00000000          179.00000000          165.00000000          132.00000000          182.00000000          210.00000000          160.00000000          109.00000000          114.00000000          131.00000000          213.00000000          136.00000000          112.00000000          140.00000000          131.00000000          111.00000000          140.00000000          162.00000000          133.00000000        29564.00000000        22846.00000000        29739.00000000        29118.00000000        31376.00000000        31831.00000000        33246.00000000        32839.00000000        30714.00000000        32453.00000000        34515.00000000        35021.00000000 
        9245.03450045            0.80697874      2020048.50000000       118793.17187500       125098.09375000        91615.33593750       106266.73437500       442623.00000000         1492.00000000       351583.00000000         1923.00000000          159.00000000          160.00000000          168.00000000          237.00000000          165.00000000          122.00000000          189.00000000          168.00000000          151.00000000          178.00000000          202.00000000          184.00000000          116.00000000          122.00000000          116.00000000          199.00000000          121.00000000          103.00000000          164.00000000          124.00000000          101.00000000          145.00000000          166.00000000          137.00000000        29588.00000000        23046.00000000        29931.00000000        29306.00000000        31609.00000000        32001.00000000        32953.00000000        32892.00000000        31182.00000000        32448.00000000        34753.00000000        34920.00000000 
        9248.37101034            0.80936551      1999910.50000000       118613.85156250       125013.58593750        91544.28125000       106170.45312500       441595.00000000         1496.00000000       350312.00000000         1837.00000000          124.00000000          159.00000000          148.00000000          228.00000000          172.00000000          181.00000000          167.00000000          140.00000000          122.00000000          174.00000000          203.00000000          178.00000000           94.00000000          109.00000000          139.00000000          187.00000000          136.00000000          132.00000000          147.00000000          123.00000000           96.00000000          142.00000000          158.00000000          142.00000000        29498.00000000        23073.00000000        29900.00000000        29167.00000000        31359.00000000        31785.00000000        33063.00000000        33170.00000000        30821.00000000        32286.00000000        34303.00000000        34960.00000000 
        9251.41472947            0.81174526      2015277.25000000       115788.34375000       122104.89843750        89375.03906250       103956.89062500       431041.00000000         1489.00000000       341934.00000000         1804.00000000          132.00000000          146.00000000          170.00000000          217.00000000          157.00000000          148.00000000          195.00000000          148.00000000          117.00000000          182.00000000          183.00000000          155.00000000          109.00000000          131.00000000          109.00000000          178.00000000          112.00000000          127.00000000          160.00000000          123.00000000          111.00000000          150.00000000          170.00000000          140.00000000        28965.00000000        22954.00000000        29044.00000000        28849.00000000        30465.00000000        31048.00000000        32203.00000000        32033.00000000        30246.00000000        31412.00000000        33408.00000000        34261.00000000 
        9254.55282882            0.81411805      2054572.00000000       120720.70312500       127272.10937500        93072.67187500       107887.75781250       450253.00000000         1533.00000000       356972.00000000         1923.00000000          128.00000000          171.00000000          160.00000000          227.00000000          157.00000000          155.00000000          194.00000000          169.00000000          145.00000000          204.00000000          198.00000000          186.00000000          131.00000000          110.00000000          130.00000000          176.00000000          128.00000000          135.00000000          156.00000000          124.00000000          103.00000000          161.00000000          152.00000000          137.00000000        30323.00000000        23368.00000000        30529.00000000        30056.00000000        31830.00000000        32454.00000000        33680.00000000        33440.00000000        31397.00000000        32638.00000000        35242.00000000        35383.00000000 
        9257.76702396            0.81648394      2052946.50000000       120186.81250000       127137.09375000        92846.06250000       107466.54687500       449536.00000000         1561.00000000       356625.00000000         1866.00000000          104.00000000          154.00000000          173.00000000          207.00000000          182.00000000          151.00000000          187.00000000          192.00000000          130.00000000          200.00000000          184.00000000          156.00000000          114.00000000          116.00000000          127.00000000          182.00000000          130.00000000          126.00000000          161.00000000          137.00000000          122.00000000          165.00000000          166.00000000          131.00000000        29913.00000000        23505.00000000        30394.00000000        29591.00000000        32081.00000000        32098.00000000        33705.00000000        33797.00000000        31363.00000000        32777.00000000        35320.00000000        35586.00000000 
        9260.98350592            0.81884300      2056462.75000000       120783.73437500       127941.90625000        93323.27343750       108049.90625000       449040.00000000         1458.00000000       356517.00000000         1856.00000000          136.00000000          151.00000000          157.00000000          219.00000000          164.00000000          151.00000000          199.00000000          146.00000000          107.00000000          192.00000000          198.00000000          187.00000000           89.00000000          117.00000000          132.00000000          162.00000000          140.00000000          123.00000000          135.00000000          131.00000000          114.00000000          154.00000000          156.00000000          122.00000000        30087.00000000        23625.00000000        30854.00000000        30135.00000000        31831.00000000        32440.00000000        33499.00000000        33270.00000000        31303.00000000        32725.00000000        34973.00000000        35400.00000000 
        9264.23928781            0.82119528      2060006.75000000       120801.40625000       127876.49218750        92866.23437500       108079.51562500       449829.00000000         1546.00000000       356865.00000000         1933.00000000          159.00000000          154.00000000          176.00000000          226.00000000          175.00000000          146.00000000          168.00000000          168.00000000          128.00000000          189.00000000          200.00000000          198.00000000          113.00000000          110.00000000          130.00000000          200.00000000          138.00000000          124.00000000          158.00000000          121.00000000          100.00000000          155.00000000          174.00000000          133.00000000        30286.00000000        23059.00000000        30412.00000000        29763.00000000        31598.00000000        32517.00000000        33369.00000000        33661.00000000        31349.00000000        32864.00000000        35247.00000000        35799.00000000 
        9267.60852823            0.82354085      2063488.50000000       120948.89062500       128463.90625000        92859.01562500       108248.60937500       449763.00000000         1514.00000000       357075.00000000         1839.00000000          131.00000000          177.00000000          169.00000000          200.00000000          165.00000000          150.00000000          186.00000000          170.00000000          145.00000000          174.00000000          178.00000000          171.00000000          101.00000000          120.00000000          123.00000000          187.00000000          134.00000000          150.00000000          158.00000000          113.00000000          101.00000000          148.00000000          173.00000000          126.00000000        30134.00000000        23075.00000000        30823.00000000        29919.00000000        31861.00000000        32228.00000000        33354.00000000        33548.00000000        31423.00000000        33286.00000000        35116.00000000        35383.00000000 
        9270.99881174            0.82587975      2044077.12500000       120817.13281250       128500.09375000        92496.55468750       108188.90625000       448913.00000000         1498.00000000       357062.00000000         1837.00000000          124.00000000          155.00000000          171.00000000          217.00000000          149.00000000          139.00000000          173.00000000          148.00000000          145.00000000          197.00000000          198.00000000          176.00000000          113.00000000          120.00000000          122.00000000          186.00000000          135.00000000          138.00000000          154.00000000          129.00000000          117.00000000          138.00000000          167.00000000           99.00000000        30131.00000000        23621.00000000        30740.00000000        30061.00000000        31954.00000000        32540.00000000        33482.00000000        33309.00000000        31216.00000000        32941.00000000        34893.00000000        35795.00000000 
        9274.37308885            0.82821205      2058424.50000000       121946.17968750       130242.11718750        93500.90625000       109009.78125000       457077.00000000         1548.00000000       362593.00000000         1857.00000000          158.00000000          166.00000000          143.00000000          190.00000000          155.00000000          170.00000000          181.00000000          161.00000000          137.00000000          181.00000000          216.00000000          165.00000000          119.00000000          131.00000000          131.00000000          197.00000000          129.00000000          122.00000000          168.00000000          135.00000000           97.00000000          149.00000000          153.00000000          148.00000000        30654.00000000        23867.00000000        31190.00000000        30224.00000000        32574.00000000        33081.00000000        34101.00000000        33841.00000000        31716.00000000        33405.00000000        35713.00000000        36094.00000000 
        9277.84268615            0.83053780      2077546.50000000       122296.92187500       130793.84375000        93704.95312500       109442.14062500       454054.00000000         1523.00000000       360473.00000000         1889.00000000          135.00000000          146.00000000          143.00000000          197.00000000          177.00000000          162.00000000          189.00000000          189.00000000          148.00000000          194.00000000          181.00000000          174.00000000          133.00000000          130.00000000          123.00000000          195.00000000          108.00000000          111.00000000          133.00000000          143.00000000           95.00000000          174.00000000          158.00000000          150.00000000        30577.00000000        23827.00000000        30880.00000000        30195.00000000        32078.00000000        32720.00000000        33898.00000000        33619.00000000        31623.00000000        33007.00000000        35425.00000000        36451.00000000 
        9280.99917264            0.83285705      2082478.37500000       122394.47656250       131310.40625000        93984.82031250       109415.88281250       459446.00000000         1587.00000000       364638.00000000         1827.00000000          111.00000000          174.00000000          154.00000000          214.00000000          153.00000000          169.00000000          184.00000000          151.00000000          119.00000000          196.00000000          203.00000000          173.00000000          105.00000000          138.00000000          151.00000000          196.00000000          146.00000000          112.00000000          169.00000000          134.00000000          105.00000000          155.00000000          192.00000000          122.00000000        30648.00000000        23797.00000000        31263.00000000        30320.00000000        32759.00000000        32887.00000000        34542.00000000        34535.00000000        31841.00000000        33541.00000000        35971.00000000        36331.00000000 
        9284.47384842            0.83516986      2086542.00000000       122550.71875000       131888.68750000        94245.38281250       109594.76562500       459297.00000000         1565.00000000       364351.00000000         2007.00000000          144.00000000          152.00000000          167.00000000          234.00000000          175.00000000          179.00000000          197.00000000          175.00000000          163.00000000          198.00000000          192.00000000          183.00000000          131.00000000          107.00000000          131.00000000          196.00000000          130.00000000          121.00000000          150.00000000          126.00000000          111.00000000          162.00000000          169.00000000          138.00000000        30667.00000000        23784.00000000        30814.00000000        30347.00000000        32531.00000000        33109.00000000        34574.00000000        34461.00000000        31979.00000000        33775.00000000        36102.00000000        35992.00000000 
        9287.76516727            0.83747629      2094212.25000000       122701.71875000       132685.73437500        94775.71093750       109747.00000000       459939.00000000         1615.00000000       365181.00000000         2064.00000000          149.00000000          150.00000000          177.00000000          224.00000000          173.00000000          180.00000000          193.00000000          185.00000000          165.00000000          224.00000000          205.00000000          189.00000000          132.00000000          106.00000000          136.00000000          185.00000000          135.00000000          141.00000000          166.00000000          146.00000000           76.00000000          177.00000000          170.00000000          151.00000000        30868.00000000        23742.00000000        31350.00000000        30788.00000000        32410.00000000        32723.00000000        34503.00000000        34120.00000000        32208.00000000        33668.00000000        36195.00000000        36348.00000000 
        9291.13333763            0.83977638      2099977.50000000       122929.46875000       133324.54687500        95061.78906250       110014.30468750       458882.00000000         1551.00000000       364232.00000000         1866.00000000          134.00000000          156.00000000          162.00000000          214.00000000          151.00000000          153.00000000          202.00000000          157.00000000          132.00000000          187.00000000          205.00000000          169.00000000          106.00000000          111.00000000          123.00000000          205.00000000          131.00000000          142.00000000          164.00000000          114.00000000          124.00000000          144.00000000          162.00000000          136.00000000        30920.00000000        23750.00000000        31203.00000000        30437.00000000        32639.00000000        33037.00000000        34336.00000000        34193.00000000        31782.00000000        33574.00000000        35788.00000000        36323.00000000 
        9294.41086366            0.84207019      2097895.25000000       123369.97656250       134223.14062500        95709.62500000       110371.17968750       461497.00000000         1527.00000000       366709.00000000         1932.00000000          140.00000000          148.00000000          175.00000000          206.00000000          156.00000000          179.00000000          205.00000000          159.00000000          151.00000000          177.00000000          197.00000000          187.00000000          103.00000000          122.00000000          128.00000000          207.00000000          153.00000000          139.00000000          127.00000000          115.00000000           94.00000000          164.00000000          168.00000000          129.00000000        31103.00000000        23957.00000000        31482.00000000        30594.00000000        32993.00000000        33266.00000000        34503.00000000        34444.00000000        32303.00000000        33657.00000000        36100.00000000        36264.00000000 
        9297.83990011            0.84435776      2111731.75000000       123639.11718750       134985.39062500        96271.10156250       110575.60937500       464076.00000000         1569.00000000       368429.00000000         1894.00000000          141.00000000          159.00000000          154.00000000          211.00000000          167.00000000          169.00000000          191.00000000          182.00000000          124.00000000          183.00000000          201.00000000          171.00000000          101.00000000          122.00000000          143.00000000          176.00000000          136.00000000          130.00000000          155.00000000          118.00000000          118.00000000          160.00000000          182.00000000          150.00000000        31211.00000000        24010.00000000        31342.00000000        30710.00000000        33010.00000000        33393.00000000        34836.00000000        34647.00000000        32244.00000000        33993.00000000        36353.00000000        36690.00000000 
        9301.34615705            0.84663916      2115777.00000000       124091.07031250       135816.46875000        97413.39062500       111055.86718750       462559.00000000         1618.00000000       367553.00000000         1911.00000000          159.00000000          167.00000000          178.00000000          196.00000000          197.00000000          165.00000000          187.00000000          172.00000000          133.00000000          164.00000000          198.00000000          162.00000000          123.00000000          115.00000000          158.00000000          221.00000000          126.00000000          141.00000000          154.00000000          109.00000000          103.00000000          165.00000000          173.00000000          145.00000000        31092.00000000        24168.00000000        31598.00000000        30855.00000000        32958.00000000        33325.00000000        34570.00000000        34596.00000000        32230.00000000        33913.00000000        35961.00000000        36455.00000000 
        9304.92981034            0.84891442      2128245.75000000       124251.65625000       136488.20312500        98554.32812500       111121.18750000       466662.00000000         1535.00000000       370504.00000000         1882.00000000          128.00000000          158.00000000          168.00000000          239.00000000          179.00000000          154.00000000          213.00000000          142.00000000          112.00000000          175.00000000          202.00000000          170.00000000          108.00000000          109.00000000          123.00000000          209.00000000          145.00000000          138.00000000          156.00000000           98.00000000          103.00000000          147.00000000          202.00000000          106.00000000        31296.00000000        24248.00000000        31584.00000000        31020.00000000        32966.00000000        33417.00000000        34910.00000000        34890.00000000        32794.00000000        34185.00000000        36563.00000000        36879.00000000 
        9308.38548467            0.85118361      2132060.50000000       124584.00000000       137176.70312500        99853.01562500       111507.55468750       464657.00000000         1532.00000000       368885.00000000         1925.00000000          150.00000000          152.00000000          142.00000000          223.00000000          170.00000000          159.00000000          180.00000000          165.00000000          140.00000000          216.00000000          210.00000000          170.00000000          119.00000000          127.00000000          129.00000000          185.00000000          128.00000000          145.00000000          154.00000000          123.00000000          122.00000000          137.00000000          151.00000000          139.00000000        31253.00000000        24272.00000000        31484.00000000        30991.00000000        32856.00000000        33795.00000000        34758.00000000        34555.00000000        32450.00000000        33567.00000000        36399.00000000        36777.00000000 
        9312.12430561            0.85344676      2141407.75000000       125121.97656250       138164.85937500       101446.35156250       111948.82031250       467359.00000000         1547.00000000       371468.00000000         1967.00000000          141.00000000          174.00000000          178.00000000          220.00000000          189.00000000          169.00000000          203.00000000          173.00000000          124.00000000          196.00000000          189.00000000          185.00000000          106.00000000          128.00000000          136.00000000          176.00000000          133.00000000          121.00000000          150.00000000          137.00000000          123.00000000          154.00000000          157.00000000          154.00000000        31333.00000000        24437.00000000        31871.00000000        31018.00000000        33091.00000000        33821.00000000        35088.00000000        35272.00000000        32693.00000000        34035.00000000        36305.00000000        36941.00000000 
        9315.64160160            0.85570392      2148275.75000000       125518.70312500       139180.78125000       103138.43750000       112256.74218750       470307.00000000         1583.00000000       373164.00000000         1946.00000000          152.00000000          170.00000000          139.00000000          231.00000000          173.00000000          176.00000000          176.00000000          175.00000000          142.00000000          196.00000000          208.00000000          178.00000000          106.00000000          121.00000000          145.00000000          206.00000000          142.00000000          126.00000000          168.00000000          144.00000000           98.00000000          147.00000000          186.00000000          115.00000000        31296.00000000        24405.00000000        31988.00000000        31262.00000000        33391.00000000        33837.00000000        34979.00000000        35314.00000000        32748.00000000        34545.00000000        36385.00000000        37419.00000000 
        9319.29273542            0.85795515      2150700.50000000       125547.13281250       139947.42187500       104413.22656250       112341.59375000       469376.00000000         1523.00000000       372736.00000000         1975.00000000          138.00000000          153.00000000          179.00000000          198.00000000          179.00000000          158.00000000          229.00000000          181.00000000          129.00000000          208.00000000          207.00000000          169.00000000          103.00000000          128.00000000          140.00000000          190.00000000          123.00000000          121.00000000          142.00000000          136.00000000          107.00000000          154.00000000          159.00000000          148.00000000        31713.00000000        24297.00000000        31937.00000000        31302.00000000        33300.00000000        33740.00000000        35312.00000000        34863.00000000        32582.00000000        34251.00000000        36522.00000000        37214.00000000 
        9322.96554624            0.86020048      2136200.00000000       125985.18750000       140871.71875000       105512.64843750       112755.35937500       469810.00000000         1649.00000000       372856.00000000         1964.00000000          155.00000000          148.00000000          163.00000000          241.00000000          150.00000000          160.00000000          208.00000000          157.00000000          140.00000000          203.00000000          212.00000000          175.00000000          109.00000000          112.00000000          145.00000000          214.00000000          150.00000000          126.00000000          151.00000000          156.00000000          102.00000000          174.00000000          179.00000000          143.00000000        31504.00000000        24689.00000000        32214.00000000        31605.00000000        33287.00000000        33651.00000000        35200.00000000        35019.00000000        32551.00000000        34216.00000000        36533.00000000        37076.00000000 
        9326.49123171            0.86243997      2155795.00000000       126285.94531250       141531.71875000       106196.78125000       112917.64843750       474930.00000000         1638.00000000       377091.00000000         1954.00000000          157.00000000          162.00000000          180.00000000          229.00000000          179.00000000          155.00000000          195.00000000          179.00000000          146.00000000          175.00000000          211.00000000          148.00000000          119.00000000          117.00000000          152.00000000          193.00000000          143.00000000          142.00000000          183.00000000          133.00000000          130.00000000          155.00000000          156.00000000          132.00000000        31716.00000000        24415.00000000        32306.00000000        31478.00000000        33610.00000000        34229.00000000        35372.00000000        35523.00000000        33360.00000000        34890.00000000        37269.00000000        37338.00000000 
        9330.30128788            0.86467366      2158542.75000000       126837.39843750       142539.43750000       107196.60156250       113474.70312500       473832.00000000         1554.00000000       376294.00000000         1983.00000000          146.00000000          154.00000000          164.00000000          245.00000000          197.00000000          155.00000000          170.00000000          190.00000000          144.00000000          188.00000000          224.00000000          160.00000000          104.00000000          136.00000000          130.00000000          182.00000000          135.00000000          123.00000000          170.00000000          138.00000000          111.00000000          164.00000000          153.00000000          144.00000000        31904.00000000        24525.00000000        32054.00000000        31698.00000000        33358.00000000        34255.00000000        35503.00000000        35343.00000000        33158.00000000        34541.00000000        37005.00000000        37475.00000000 
        9333.88902942            0.86690159      2160761.25000000       127238.48437500       143334.81250000       108274.07031250       113861.67968750       474029.00000000         1615.00000000       376623.00000000         1940.00000000          138.00000000          165.00000000          155.00000000          223.00000000          164.00000000          163.00000000          204.00000000          189.00000000          131.00000000          183.00000000          215.00000000          175.00000000          125.00000000          118.00000000          132.00000000          193.00000000          150.00000000          136.00000000          162.00000000          138.00000000          111.00000000          167.00000000          161.00000000          140.00000000        31844.00000000        24692.00000000        32242.00000000        32000.00000000        33536.00000000        34260.00000000        35396.00000000        35407.00000000        32685.00000000        34525.00000000        37169.00000000        37559.00000000 
        9337.63004797            0.86912381      2163283.25000000       127435.20312500       144253.84375000       109669.17968750       113948.23437500       478502.00000000         1621.00000000       379272.00000000         2022.00000000          155.00000000          174.00000000          186.00000000          229.00000000          176.00000000          167.00000000          208.00000000          185.00000000          141.00000000          188.00000000          211.00000000          176.00000000          122.00000000          138.00000000          151.00000000          191.00000000          144.00000000          131.00000000          177.00000000          148.00000000           84.00000000          182.00000000          141.00000000          150.00000000        31873.00000000        24530.00000000        32467.00000000        32073.00000000        33855.00000000        34607.00000000        35618.00000000        35795.00000000        33105.00000000        34876.00000000        37211.00000000        37792.00000000 
        9341.18591848            0.87134037      2164178.00000000       127318.62500000       144404.57812500       110556.98437500       113981.11718750       474711.00000000         1544.00000000       377447.00000000         1906.00000000          142.00000000          180.00000000          168.00000000          220.00000000          164.00000000          156.00000000          199.00000000          178.00000000          127.00000000          206.00000000          193.00000000          153.00000000           99.00000000          124.00000000          141.00000000          199.00000000          133.00000000          138.00000000          144.00000000          127.00000000          124.00000000          145.00000000          150.00000000          144.00000000        31934.00000000        25163.00000000        32583.00000000        31810.00000000        33820.00000000        34236.00000000        35446.00000000        35502.00000000        33155.00000000        34294.00000000        37232.00000000        37435.00000000 
        9345.08362497            0.87355130      2157631.25000000       128262.67968750       145781.96875000       112164.42968750       114739.40625000       479076.00000000         1577.00000000       379811.00000000         1960.00000000          156.00000000          183.00000000          152.00000000          218.00000000          186.00000000          162.00000000          216.00000000          168.00000000          150.00000000          193.00000000          183.00000000          176.00000000          111.00000000          139.00000000          142.00000000          191.00000000          158.00000000          101.00000000          176.00000000          117.00000000          125.00000000          155.00000000          157.00000000          144.00000000        31896.00000000        25182.00000000        32535.00000000        31873.00000000        33639.00000000        34761.00000000        35462.00000000        35617.00000000        33392.00000000        34913.00000000        37761.00000000        37962.00000000 
        9348.66416119            0.87575665      2180650.50000000       128188.42968750       146290.07812500       112535.57812500       114693.20312500       479548.00000000         1678.00000000       380811.00000000         1971.00000000          166.00000000          152.00000000          163.00000000          226.00000000          179.00000000          177.00000000          188.00000000          182.00000000          135.00000000          187.00000000          199.00000000          169.00000000          124.00000000          142.00000000          156.00000000          208.00000000          168.00000000          145.00000000          148.00000000          124.00000000          115.00000000          165.00000000          193.00000000          132.00000000        32075.00000000        24933.00000000        32717.00000000        32032.00000000        33861.00000000        34736.00000000        35757.00000000        35862.00000000        33457.00000000        35176.00000000        37429.00000000        37709.00000000 
        9352.56825865            0.87795645      2188788.00000000       128710.75781250       147266.76562500       113144.30468750       115127.60937500       481952.00000000         1670.00000000       382598.00000000         1966.00000000          150.00000000          171.00000000          163.00000000          237.00000000          162.00000000          188.00000000          193.00000000          152.00000000          143.00000000          182.00000000          201.00000000          195.00000000          122.00000000          130.00000000          146.00000000          222.00000000          161.00000000          126.00000000          187.00000000          134.00000000          123.00000000          158.00000000          164.00000000          127.00000000        32088.00000000        25123.00000000        32834.00000000        32158.00000000        34334.00000000        34891.00000000        36228.00000000        35785.00000000        33573.00000000        35162.00000000        37532.00000000        38013.00000000 
        9356.13578493            0.88015077      2191682.25000000       128600.71875000       147659.12500000       113558.67187500       115070.32812500       481653.00000000         1674.00000000       382075.00000000         1979.00000000          161.00000000          140.00000000          169.00000000          243.00000000          166.00000000          160.00000000          232.00000000          161.00000000          143.00000000          183.00000000          196.00000000          165.00000000          126.00000000          116.00000000          132.00000000          208.00000000          131.00000000          141.00000000          176.00000000          143.00000000          104.00000000          174.00000000          190.00000000          149.00000000        32078.00000000        24933.00000000        32827.00000000        32055.00000000        33928.00000000        34798.00000000        36276.00000000        35946.00000000        33076.00000000        35263.00000000        37769.00000000        38059.00000000 
        9360.00847430            0.88233962      2198529.25000000       129274.38281250       148873.18750000       114527.74218750       115640.20312500       484050.00000000         1612.00000000       384224.00000000         1919.00000000          171.00000000          183.00000000          161.00000000          227.00000000          169.00000000          155.00000000          199.00000000          164.00000000          109.00000000          173.00000000          205.00000000          186.00000000           94.00000000          117.00000000          134.00000000          193.00000000          156.00000000          133.00000000          175.00000000          143.00000000          121.00000000          149.00000000          167.00000000          147.00000000        32347.00000000        25196.00000000        32703.00000000        32247.00000000        34362.00000000        34974.00000000        36030.00000000        36060.00000000        33807.00000000        35430.00000000        37847.00000000        38417.00000000 
        9363.73312690            0.88452306      2209976.75000000       129553.61718750       149678.84375000       114959.39062500       115818.03906250       487869.00000000         1675.00000000       387056.00000000         1926.00000000          152.00000000          171.00000000          164.00000000          210.00000000          180.00000000          167.00000000          194.00000000          163.00000000          150.00000000          193.00000000          189.00000000          164.00000000          129.00000000          134.00000000          153.00000000          189.00000000          143.00000000          131.00000000          165.00000000          154.00000000          126.00000000          168.00000000          190.00000000          127.00000000        32911.00000000        25728.00000000        33074.00000000        32316.00000000        34471.00000000        34891.00000000        36227.00000000        36541.00000000        34283.00000000        35663.00000000        38137.00000000        38542.00000000 
        9367.66904874            0.88670112      2215659.00000000       129813.49218750       150422.15625000       115490.67968750       116110.16406250       486891.00000000         1692.00000000       386286.00000000         2064.00000000          159.00000000          169.00000000          157.00000000          235.00000000          190.00000000          187.00000000          205.00000000          177.00000000          132.00000000          225.00000000          212.00000000          185.00000000          117.00000000          133.00000000          156.00000000          212.00000000          138.00000000          139.00000000          187.00000000          122.00000000          134.00000000          174.00000000          175.00000000          138.00000000        32984.00000000        25160.00000000        33096.00000000        32438.00000000        34577.00000000        34889.00000000        36600.00000000        35976.00000000        33625.00000000        35242.00000000        38058.00000000        38801.00000000 
        9371.34310580            0.88887384      2208440.75000000       130159.94531250       151190.06250000       116026.55468750       116419.91406250       488089.00000000         1659.00000000       387257.00000000         2007.00000000          174.00000000          159.00000000          165.00000000          220.00000000          184.00000000          179.00000000          199.00000000          177.00000000          135.00000000          183.00000000          217.00000000          174.00000000          117.00000000          147.00000000          131.00000000          208.00000000          156.00000000          144.00000000          177.00000000          133.00000000          122.00000000          138.00000000          183.00000000          150.00000000        32750.00000000        25075.00000000        32997.00000000        32744.00000000        34605.00000000        35215.00000000        36389.00000000        36180.00000000        33872.00000000        35711.00000000        38142.00000000        38652.00000000 
        9375.36142849            0.89104127      2226507.25000000       130587.03906250       152300.60937500       116796.07031250       116728.15625000       491964.00000000         1592.00000000       390504.00000000         2066.00000000          140.00000000          148.00000000          173.00000000          256.00000000          174.00000000          185.00000000          193.00000000          184.00000000          161.00000000          213.00000000          198.00000000          189.00000000          118.00000000          117.00000000          126.00000000          182.00000000          136.00000000          134.00000000          158.00000000          145.00000000          119.00000000          156.00000000          171.00000000          147.00000000        32809.00000000        25624.00000000        33669.00000000        32952.00000000        34799.00000000        35347.00000000        36922.00000000        36369.00000000        34489.00000000        35852.00000000        38343.00000000        38953.00000000 
        9379.15553278            0.89320343      2228422.25000000       131023.76562500       152820.82812500       117178.22656250       117154.61718750       491846.00000000         1669.00000000       390517.00000000         2069.00000000          154.00000000          148.00000000          165.00000000          240.00000000          171.00000000          180.00000000          224.00000000          203.00000000          139.00000000          212.00000000          213.00000000          168.00000000          115.00000000          126.00000000          122.00000000          196.00000000          153.00000000          151.00000000          185.00000000          139.00000000          101.00000000          172.00000000          187.00000000          148.00000000        32780.00000000        25659.00000000        33281.00000000        32890.00000000        35295.00000000        35518.00000000        36760.00000000        36560.00000000        34512.00000000        35814.00000000        38220.00000000        38887.00000000 
        9383.04775217            0.89536038      2241300.75000000       131034.07031250       153379.62500000       117544.96093750       117158.60937500       493224.00000000         1658.00000000       391445.00000000         2040.00000000          156.00000000          169.00000000          176.00000000          230.00000000          178.00000000          148.00000000          198.00000000          160.00000000          155.00000000          218.00000000          235.00000000          186.00000000          106.00000000          128.00000000          134.00000000          221.00000000          176.00000000          143.00000000          171.00000000          131.00000000          119.00000000          162.00000000          154.00000000          141.00000000        32962.00000000        25877.00000000        33703.00000000        32945.00000000        34942.00000000        35545.00000000        37305.00000000        36660.00000000        34246.00000000        35510.00000000        38388.00000000        39239.00000000 
        9386.84822626            0.89751214      2236789.00000000       130766.00781250       153540.09375000       117762.34375000       116966.45312500       492669.00000000         1658.00000000       391108.00000000         1952.00000000          170.00000000          175.00000000          179.00000000          218.00000000          170.00000000          155.00000000          195.00000000          167.00000000          151.00000000          191.00000000          186.00000000          170.00000000          137.00000000          140.00000000          130.00000000          205.00000000          139.00000000          144.00000000          155.00000000          138.00000000          126.00000000          182.00000000          162.00000000          140.00000000        33112.00000000        25730.00000000        33522.00000000        32706.00000000        34893.00000000        35862.00000000        36856.00000000        36389.00000000        34231.00000000        36479.00000000        38240.00000000        38818.00000000 
        9390.82308911            0.89965875      2252017.75000000       131623.46875000       154966.07812500       118890.24218750       117612.12500000       498269.00000000         1687.00000000       395584.00000000         2101.00000000          113.00000000          165.00000000          171.00000000          259.00000000          172.00000000          166.00000000          240.00000000          167.00000000          155.00000000          203.00000000          230.00000000          225.00000000          113.00000000          131.00000000          147.00000000          210.00000000          152.00000000          128.00000000          167.00000000          154.00000000          129.00000000          167.00000000          170.00000000          150.00000000        33590.00000000        25658.00000000        34069.00000000        33185.00000000        35164.00000000        35825.00000000        37371.00000000        37176.00000000        34522.00000000        36366.00000000        39028.00000000        39288.00000000 
        9394.82044112            0.90180026      2252254.25000000       131424.57812500       155319.73437500       119345.78125000       117572.96875000       494384.00000000         1702.00000000       392546.00000000         2096.00000000          157.00000000          160.00000000          182.00000000          230.00000000          174.00000000          176.00000000          206.00000000          175.00000000          164.00000000          206.00000000          227.00000000          199.00000000          124.00000000          136.00000000          135.00000000          188.00000000          155.00000000          146.00000000          199.00000000          146.00000000           97.00000000          170.00000000          184.00000000          158.00000000        33304.00000000        25560.00000000        33824.00000000        32715.00000000        35054.00000000        35701.00000000        36816.00000000        36914.00000000        34516.00000000        35755.00000000        38476.00000000        39471.00000000 
        9398.74503763            0.90393669      2256104.25000000       131680.31250000       155684.03125000       119799.96875000       117718.94531250       498588.00000000         1704.00000000       395847.00000000         2121.00000000          148.00000000          150.00000000          175.00000000          208.00000000          202.00000000          193.00000000          205.00000000          186.00000000          154.00000000          210.00000000          227.00000000          213.00000000          134.00000000          134.00000000          137.00000000          214.00000000          136.00000000          127.00000000          171.00000000          158.00000000          131.00000000          168.00000000          166.00000000          162.00000000        33465.00000000        26028.00000000        33705.00000000        32876.00000000        35542.00000000        35983.00000000        37726.00000000        37162.00000000        34512.00000000        36621.00000000        38994.00000000        39261.00000000 
        9402.84467662            0.90606808      2262487.75000000       132307.56250000       156801.85937500       121042.67187500       118322.55468750       498198.00000000         1704.00000000       395410.00000000         1972.00000000          136.00000000          189.00000000          178.00000000          232.00000000          151.00000000          164.00000000          201.00000000          155.00000000          139.00000000          202.00000000          229.00000000          185.00000000          112.00000000          136.00000000          140.00000000          199.00000000          157.00000000          147.00000000          197.00000000          155.00000000          113.00000000          147.00000000          184.00000000          153.00000000        33507.00000000        25932.00000000        33666.00000000        33107.00000000        34925.00000000        36164.00000000        37220.00000000        37273.00000000        34833.00000000        36234.00000000        38998.00000000        39483.00000000 
        9406.92888283            0.90819448      2267970.00000000       132626.40625000       157665.28125000       122300.96875000       118665.61718750       497250.00000000         1637.00000000       394920.00000000         2019.00000000          150.00000000          172.00000000          176.00000000          226.00000000          175.00000000          169.00000000          204.00000000          162.00000000          145.00000000          208.00000000          236.00000000          168.00000000          131.00000000          153.00000000          134.00000000          223.00000000          145.00000000          135.00000000          150.00000000          142.00000000           98.00000000          144.00000000          186.00000000          149.00000000        33642.00000000        25749.00000000        34196.00000000        33084.00000000        35321.00000000        35909.00000000        37007.00000000        37065.00000000        34689.00000000        36078.00000000        38566.00000000        39363.00000000 
        9411.09316349            0.91031590      2264978.75000000       132732.81250000       158201.31250000       123381.83593750       118699.19531250       500668.00000000         1650.00000000       397180.00000000         2034.00000000          142.00000000          170.00000000          192.00000000          259.00000000          164.00000000          152.00000000          195.00000000          167.00000000          155.00000000          196.00000000          210.00000000          202.00000000          122.00000000          132.00000000          143.00000000          195.00000000          162.00000000          120.00000000          142.00000000          167.00000000          115.00000000          170.00000000          164.00000000          150.00000000        33892.00000000        25935.00000000        33785.00000000        33432.00000000        35369.00000000        36103.00000000        37341.00000000        37343.00000000        34809.00000000        36273.00000000        39237.00000000        39596.00000000 
        9415.22296171            0.91243239      2278132.00000000       133179.81250000       158878.92187500       124665.28906250       119106.89062500       501541.00000000         1734.00000000       397496.00000000         2126.00000000          165.00000000          195.00000000          181.00000000          236.00000000          190.00000000          175.00000000          224.00000000          211.00000000          113.00000000          233.00000000          213.00000000          185.00000000          113.00000000          128.00000000          151.00000000          202.00000000          175.00000000          133.00000000          188.00000000          145.00000000          116.00000000          171.00000000          184.00000000          156.00000000        33875.00000000        26060.00000000        34205.00000000        33344.00000000        35534.00000000        36131.00000000        37174.00000000        37401.00000000        34831.00000000        36400.00000000        38956.00000000        39645.00000000 
        9419.54792577            0.91454399      2282519.75000000       133092.39062500       159359.14062500       125745.32812500       119063.67187500       501419.00000000         1645.00000000       397964.00000000         2042.00000000          147.00000000          186.00000000          164.00000000          214.00000000          163.00000000          182.00000000          214.00000000          179.00000000          128.00000000          241.00000000          217.00000000          193.00000000          127.00000000          129.00000000          125.00000000          193.00000000          142.00000000          144.00000000          165.00000000          139.00000000          110.00000000          179.00000000          171.00000000          150.00000000        34076.00000000        26234.00000000        34018.00000000        33466.00000000        35475.00000000        36006.00000000        37441.00000000        37485.00000000        34795.00000000        36653.00000000        38770.00000000        39779.00000000 
        9423.74281064            0.91665072      2295808.25000000       133473.53125000       160214.93750000       126834.95312500       119293.46875000       506647.00000000         1740.00000000       402312.00000000         2037.00000000          154.00000000          162.00000000          173.00000000          214.00000000          183.00000000          166.00000000          213.00000000          176.00000000          150.00000000          200.00000000          235.00000000          173.00000000          142.00000000          129.00000000          129.00000000          190.00000000          158.00000000          129.00000000          177.00000000          145.00000000          135.00000000          170.00000000          201.00000000          164.00000000        33916.00000000        26229.00000000        34376.00000000        33426.00000000        36040.00000000        36718.00000000        37687.00000000        37515.00000000        35533.00000000        36913.00000000        39728.00000000        40460.00000000 
        9427.90315789            0.91875262      2291233.25000000       133609.20312500       160908.28125000       127693.09375000       119485.15625000       505226.00000000         1656.00000000       400492.00000000         2174.00000000          165.00000000          180.00000000          192.00000000          234.00000000          176.00000000          192.00000000          234.00000000          194.00000000          161.00000000          191.00000000          227.00000000          208.00000000           99.00000000          151.00000000          127.00000000          222.00000000          139.00000000          125.00000000          191.00000000          145.00000000          118.00000000          174.00000000          185.00000000          131.00000000        33801.00000000        26123.00000000        34152.00000000        33543.00000000        35985.00000000        36141.00000000        38184.00000000        37887.00000000        34894.00000000        36831.00000000        39360.00000000        39714.00000000 
        9431.97127523            0.92084972      2306846.75000000       134287.46875000       162018.20312500       128803.82031250       120076.60156250       506932.00000000         1760.00000000       402351.00000000         2117.00000000          163.00000000          142.00000000          165.00000000          244.00000000          189.00000000          175.00000000          213.00000000          181.00000000          136.00000000          226.00000000          229.00000000          196.00000000          107.00000000          119.00000000          146.00000000          204.00000000          160.00000000          124.00000000          206.00000000          160.00000000          141.00000000          186.00000000          171.00000000          155.00000000        34170.00000000        26274.00000000        34590.00000000        33975.00000000        35927.00000000        36662.00000000        37289.00000000        37444.00000000        35201.00000000        37289.00000000        39847.00000000        39957.00000000 
        9436.21592082            0.92294206      2314976.75000000       134254.23437500       162573.67187500       129531.07031250       120055.69531250       507761.00000000         1687.00000000       402896.00000000         2112.00000000          152.00000000          162.00000000          191.00000000          257.00000000          173.00000000          180.00000000          201.00000000          209.00000000          135.00000000          222.00000000          202.00000000          190.00000000          111.00000000          125.00000000          152.00000000          232.00000000          132.00000000          125.00000000          170.00000000          154.00000000          115.00000000          167.00000000          182.00000000          147.00000000        34270.00000000        26384.00000000        34520.00000000        33970.00000000        35867.00000000        36611.00000000        37853.00000000        37654.00000000        35466.00000000        37035.00000000        39727.00000000        39923.00000000 
        9440.15675724            0.92502966      2315078.50000000       134652.57812500       163133.73437500       130349.90625000       120437.67968750       507965.00000000         1695.00000000       403309.00000000         2071.00000000          175.00000000          158.00000000          168.00000000          252.00000000          173.00000000          174.00000000          221.00000000          169.00000000          152.00000000          197.00000000          214.00000000          176.00000000          114.00000000          134.00000000          142.00000000          203.00000000          153.00000000          130.00000000          207.00000000          158.00000000          127.00000000          151.00000000          190.00000000          120.00000000        34218.00000000        26066.00000000        34362.00000000        33860.00000000        36020.00000000        36648.00000000        37673.00000000        37905.00000000        35158.00000000        37326.00000000        39741.00000000        40398.00000000 
        9444.40894447            0.92711257      2323949.50000000       135008.45312500       164612.32812500       131942.26562500       120691.55468750       511469.00000000         1743.00000000       406115.00000000         2017.00000000          142.00000000          147.00000000          190.00000000          218.00000000          177.00000000          164.00000000          200.00000000          191.00000000          144.00000000          215.00000000          198.00000000          178.00000000          133.00000000          126.00000000          163.00000000          208.00000000          141.00000000          152.00000000          164.00000000          142.00000000          117.00000000          170.00000000          190.00000000          163.00000000        34278.00000000        26438.00000000        35022.00000000        34268.00000000        36221.00000000        36849.00000000        38288.00000000        38263.00000000        35441.00000000        37471.00000000        39685.00000000        40329.00000000 
        9448.60725052            0.92919080      2321438.25000000       135484.84375000       165302.45312500       133103.14062500       121097.15625000       513357.00000000         1732.00000000       406819.00000000         2130.00000000          158.00000000          170.00000000          187.00000000          249.00000000          180.00000000          167.00000000          223.00000000          183.00000000          164.00000000          210.00000000          223.00000000          186.00000000          121.00000000          133.00000000          148.00000000          205.00000000          150.00000000          144.00000000          185.00000000          169.00000000          115.00000000          165.00000000          179.00000000          151.00000000        34328.00000000        26813.00000000        34867.00000000        34242.00000000        36320.00000000        36820.00000000        38510.00000000        37945.00000000        35822.00000000        37495.00000000        40004.00000000        40466.00000000 
        9452.84794564            0.93126440      2334012.50000000       135605.82812500       166170.17187500       134197.60937500       121252.01562500       512791.00000000         1668.00000000       406895.00000000         2073.00000000          155.00000000          190.00000000          193.00000000          231.00000000          181.00000000          180.00000000          196.00000000          168.00000000          142.00000000          223.00000000          212.00000000          192.00000000          131.00000000          132.00000000          148.00000000          209.00000000          140.00000000          140.00000000          153.00000000          151.00000000           98.00000000          175.00000000          173.00000000          150.00000000        34483.00000000        26653.00000000        35128.00000000        34433.00000000        36301.00000000        37099.00000000        38142.00000000        38073.00000000        35653.00000000        37253.00000000        39787.00000000        40543.00000000 
        9457.42068962            0.93333339      2333259.25000000       135468.31250000       166696.43750000       135127.59375000       121093.77343750       515227.00000000         1737.00000000       408658.00000000         2113.00000000          169.00000000          148.00000000          198.00000000          229.00000000          174.00000000          168.00000000          220.00000000          169.00000000          165.00000000          204.00000000          224.00000000          193.00000000          114.00000000          154.00000000          146.00000000          228.00000000          172.00000000          150.00000000          158.00000000          151.00000000          126.00000000          162.00000000          189.00000000          141.00000000        34630.00000000        26785.00000000        35020.00000000        34291.00000000        36367.00000000        37249.00000000        38682.00000000        38023.00000000        35715.00000000        37617.00000000        40143.00000000        40921.00000000 
        9461.84338008            0.93539780      2336150.75000000       136120.32812500       167604.21875000       136118.10937500       121649.39843750       517363.00000000         1685.00000000       410005.00000000         2198.00000000          175.00000000          161.00000000          191.00000000          236.00000000          184.00000000          172.00000000          204.00000000          196.00000000          176.00000000          219.00000000          236.00000000          209.00000000          111.00000000          132.00000000          144.00000000          229.00000000          148.00000000          117.00000000          166.00000000          166.00000000          113.00000000          175.00000000          184.00000000          132.00000000        34822.00000000        26951.00000000        35083.00000000        34312.00000000        36786.00000000        36918.00000000        38553.00000000        38772.00000000        36250.00000000        37634.00000000        40138.00000000        40737.00000000 
        9466.34766734            0.93745767      2335643.50000000       136269.92187500       168514.60937500       137204.20312500       121867.78906250       515395.00000000         1660.00000000       408823.00000000         2086.00000000          152.00000000          169.00000000          188.00000000          258.00000000          173.00000000          157.00000000          202.00000000          174.00000000          140.00000000          227.00000000          228.00000000          187.00000000          116.00000000          133.00000000          131.00000000          210.00000000          141.00000000          144.00000000          165.00000000          138.00000000          109.00000000          166.00000000          202.00000000          138.00000000        34669.00000000        26677.00000000        34907.00000000        34459.00000000        36470.00000000        37096.00000000        38453.00000000        38077.00000000        35730.00000000        37966.00000000        40058.00000000        40938.00000000 
        9470.64338835            0.93951302      2330239.00000000       135899.96875000       168646.46875000       137778.76562500       121596.88281250       514313.00000000         1702.00000000       408097.00000000         2108.00000000          159.00000000          178.00000000          193.00000000          232.00000000          179.00000000          168.00000000          217.00000000          185.00000000          171.00000000          201.00000000          207.00000000          196.00000000          124.00000000          141.00000000          143.00000000          182.00000000          164.00000000          134.00000000          183.00000000          137.00000000          145.00000000          152.00000000          190.00000000          148.00000000        34364.00000000        26820.00000000        35380.00000000        34521.00000000        36547.00000000        36916.00000000        38570.00000000        38248.00000000        35822.00000000        37360.00000000        39801.00000000        40568.00000000 
        9475.07874017            0.94156388      2335589.75000000       136525.54687500       169648.85937500       138753.84375000       122054.60937500       519190.00000000         1766.00000000       412163.00000000         2130.00000000          149.00000000          154.00000000          178.00000000          236.00000000          167.00000000          193.00000000          233.00000000          201.00000000          156.00000000          193.00000000          211.00000000          213.00000000          137.00000000          139.00000000          143.00000000          230.00000000          154.00000000          134.00000000          184.00000000          140.00000000          129.00000000          164.00000000          185.00000000          166.00000000        34464.00000000        27126.00000000        35570.00000000        34793.00000000        36952.00000000        37183.00000000        38645.00000000        38899.00000000        36046.00000000        37891.00000000        40650.00000000        41070.00000000 
        9479.26619923            0.94361029      2337885.25000000       136563.65625000       170368.79687500       139498.45312500       122136.86718750       518542.00000000         1728.00000000       411574.00000000         2187.00000000          171.00000000          186.00000000          173.00000000          237.00000000          186.00000000          193.00000000          216.00000000          212.00000000          132.00000000          232.00000000          228.00000000          207.00000000          121.00000000          128.00000000          151.00000000          226.00000000          158.00000000          132.00000000          188.00000000          128.00000000          110.00000000          183.00000000          172.00000000          159.00000000        35172.00000000        26935.00000000        35185.00000000        34710.00000000        37007.00000000        37341.00000000        38572.00000000        38310.00000000        35958.00000000        38046.00000000        40401.00000000        40872.00000000 
        9483.53509687            0.94565227      2336535.00000000       137072.26562500       171495.26562500       140474.59375000       122635.25781250       518062.00000000         1741.00000000       410780.00000000         2146.00000000          139.00000000          178.00000000          205.00000000          247.00000000          204.00000000          185.00000000          227.00000000          185.00000000          146.00000000          204.00000000          214.00000000          190.00000000          143.00000000          123.00000000          150.00000000          208.00000000          130.00000000          154.00000000          167.00000000          146.00000000          121.00000000          168.00000000          201.00000000          153.00000000        34946.00000000        27206.00000000        34917.00000000        34563.00000000        36980.00000000        37189.00000000        38804.00000000        38481.00000000        36063.00000000        37637.00000000        40193.00000000        41007.00000000 
        9488.00224182            0.94768985      2346550.50000000       137120.40625000       172013.25000000       141025.25000000       122687.73437500       518831.00000000         1753.00000000       411503.00000000         2087.00000000          166.00000000          217.00000000          163.00000000          236.00000000          162.00000000          186.00000000          218.00000000          190.00000000          164.00000000          198.00000000          219.00000000          185.00000000          142.00000000          115.00000000          134.00000000          215.00000000          155.00000000          139.00000000          183.00000000          159.00000000          120.00000000          167.00000000          191.00000000          148.00000000        34870.00000000        27113.00000000        35569.00000000        34372.00000000        36315.00000000        37624.00000000        38694.00000000        38643.00000000        36130.00000000        37929.00000000        40309.00000000        41048.00000000 
        9492.59039706            0.94972305      2349490.50000000       137028.06250000       172705.79687500       141543.42187500       122603.78906250       519993.00000000         1713.00000000       412806.00000000         2164.00000000          155.00000000          190.00000000          186.00000000          246.00000000          178.00000000          188.00000000          230.00000000          185.00000000          156.00000000          213.00000000          246.00000000          181.00000000          116.00000000          146.00000000          175.00000000          218.00000000          157.00000000          125.00000000          174.00000000          136.00000000          132.00000000          178.00000000          191.00000000          111.00000000        34799.00000000        27120.00000000        35178.00000000        34875.00000000        36493.00000000        37485.00000000        39214.00000000        38873.00000000        36004.00000000        38379.00000000        40195.00000000        41311.00000000 
        9497.41674095            0.95175192      2350650.75000000       137338.18750000       173291.79687500       142121.07812500       122801.93750000       524038.00000000         1788.00000000       415828.00000000         2173.00000000          155.00000000          173.00000000          190.00000000          239.00000000          187.00000000          181.00000000          231.00000000          178.00000000          176.00000000          211.00000000          232.00000000          193.00000000          129.00000000          144.00000000          157.00000000          215.00000000          155.00000000          119.00000000          186.00000000          147.00000000          121.00000000          193.00000000          202.00000000          164.00000000        35328.00000000        27167.00000000        35672.00000000        34626.00000000        37415.00000000        37702.00000000        39270.00000000        38935.00000000        36490.00000000        38062.00000000        40898.00000000        41430.00000000 
        9501.81931435            0.95377647      2350263.75000000       138141.82812500       174557.34375000       143139.25000000       123597.96875000       522299.00000000         1759.00000000       414482.00000000         2125.00000000          181.00000000          179.00000000          176.00000000          230.00000000          165.00000000          186.00000000          198.00000000          201.00000000          144.00000000          208.00000000          229.00000000          207.00000000          131.00000000          145.00000000          151.00000000          208.00000000          158.00000000          159.00000000          187.00000000          139.00000000          121.00000000          172.00000000          195.00000000          138.00000000        35357.00000000        27052.00000000        35835.00000000        34696.00000000        37156.00000000        37636.00000000        38613.00000000        38802.00000000        36193.00000000        37996.00000000        40901.00000000        41297.00000000 
        9506.42114929            0.95579672      2354507.25000000       138061.00000000       175448.42187500       144056.93750000       123486.00781250       524870.00000000         1684.00000000       416273.00000000         2193.00000000          155.00000000          176.00000000          195.00000000          256.00000000          194.00000000          204.00000000          243.00000000          157.00000000          153.00000000          202.00000000          235.00000000          199.00000000          116.00000000          140.00000000          138.00000000          223.00000000          151.00000000          149.00000000          190.00000000          131.00000000          116.00000000          164.00000000          169.00000000          137.00000000        35457.00000000        27306.00000000        35655.00000000        35020.00000000        37648.00000000        37704.00000000        38960.00000000        38953.00000000        36346.00000000        38191.00000000        40658.00000000        41681.00000000 
        9510.91037642            0.95781272      2360693.00000000       138239.62500000       175913.96875000       144697.10937500       123674.84375000       524902.00000000         1833.00000000       416696.00000000         2122.00000000          158.00000000          181.00000000          183.00000000          229.00000000          194.00000000          174.00000000          224.00000000          199.00000000          146.00000000          212.00000000          216.00000000          187.00000000          114.00000000          137.00000000          158.00000000          227.00000000          152.00000000          145.00000000          206.00000000          161.00000000          143.00000000          185.00000000          186.00000000          156.00000000        35372.00000000        27376.00000000        36212.00000000        34921.00000000        37307.00000000        37991.00000000        38906.00000000        38758.00000000        36482.00000000        38513.00000000        40904.00000000        41330.00000000 
        9515.26711661            0.95982449      2362884.50000000       138591.71875000       177077.00000000       145972.73437500       123868.78906250       530477.00000000         1811.00000000       420448.00000000         2187.00000000          169.00000000          176.00000000          200.00000000          257.00000000          191.00000000          185.00000000          212.00000000          169.00000000          156.00000000          225.00000000          218.00000000          205.00000000          123.00000000          137.00000000          171.00000000          221.00000000          164.00000000          142.00000000          179.00000000          135.00000000          123.00000000          195.00000000          196.00000000          162.00000000        35537.00000000        27619.00000000        36067.00000000        35047.00000000        37433.00000000        38015.00000000        39557.00000000        39983.00000000        36875.00000000        38659.00000000        41290.00000000        41985.00000000 
        9520.07794383            0.96183204      2362766.25000000       138712.32812500       177795.56250000       147083.89062500       124039.15625000       529273.00000000         1788.00000000       419602.00000000         2189.00000000          159.00000000          192.00000000          193.00000000          250.00000000          204.00000000          176.00000000          201.00000000          187.00000000          146.00000000          245.00000000          214.00000000          214.00000000          126.00000000          131.00000000          159.00000000          206.00000000          151.00000000          139.00000000          188.00000000          167.00000000          120.00000000          189.00000000          180.00000000          163.00000000        35347.00000000        27431.00000000        35990.00000000        35245.00000000        37382.00000000        38084.00000000        39257.00000000        39268.00000000        36827.00000000        38678.00000000        41550.00000000        41974.00000000 
        9524.67830068            0.96383542      2352800.75000000       138326.40625000       177684.59375000       147720.50000000       123758.11718750       527993.00000000         1808.00000000       418602.00000000         2174.00000000          175.00000000          169.00000000          192.00000000          276.00000000          202.00000000          168.00000000          215.00000000          178.00000000          138.00000000          193.00000000          226.00000000          211.00000000          131.00000000          137.00000000          152.00000000          221.00000000          146.00000000          166.00000000          187.00000000          165.00000000          101.00000000          186.00000000          186.00000000          167.00000000        35265.00000000        27567.00000000        36288.00000000        34818.00000000        37619.00000000        37844.00000000        39426.00000000        39300.00000000        36791.00000000        38269.00000000        41217.00000000        41765.00000000 
        9529.51847224            0.96583464      2369754.50000000       140128.00000000       180131.17187500       150385.64062500       125235.89843750       534018.00000000         1849.00000000       423204.00000000         2290.00000000          154.00000000          200.00000000          190.00000000          259.00000000          193.00000000          176.00000000          224.00000000          231.00000000          165.00000000          224.00000000          278.00000000          196.00000000          117.00000000          122.00000000          138.00000000          240.00000000          167.00000000          129.00000000          197.00000000          148.00000000          135.00000000          187.00000000          201.00000000          190.00000000        35692.00000000        28050.00000000        36515.00000000        35375.00000000        37946.00000000        38589.00000000        39831.00000000        39497.00000000        37001.00000000        38803.00000000        41646.00000000        42309.00000000 
        9534.04966440            0.96782973      2399378.00000000       140114.06250000       180848.21875000       151540.25000000       125212.97656250       535506.00000000         1810.00000000       424511.00000000         2205.00000000          167.00000000          204.00000000          187.00000000          257.00000000          190.00000000          181.00000000          227.00000000          209.00000000          165.00000000          227.00000000          220.00000000          175.00000000          135.00000000          140.00000000          138.00000000          216.00000000          181.00000000          144.00000000          197.00000000          159.00000000          143.00000000          174.00000000          176.00000000          147.00000000        35926.00000000        27965.00000000        36496.00000000        35376.00000000        37624.00000000        38945.00000000        39721.00000000        39893.00000000        37414.00000000        39250.00000000        41749.00000000        42117.00000000 
        9538.50668857            0.96982071      2398394.75000000       140399.57812500       181404.73437500       152489.32812500       125509.27343750       535093.00000000         1793.00000000       424456.00000000         2217.00000000          170.00000000          196.00000000          189.00000000          254.00000000          171.00000000          181.00000000          208.00000000          213.00000000          164.00000000          230.00000000          238.00000000          199.00000000          120.00000000          143.00000000          178.00000000          206.00000000          156.00000000          130.00000000          160.00000000          156.00000000          127.00000000          186.00000000          220.00000000          154.00000000        35999.00000000        27854.00000000        36435.00000000        35596.00000000        38149.00000000        38538.00000000        39582.00000000        40054.00000000        37402.00000000        38841.00000000        41337.00000000        42523.00000000 
        9543.16460612            0.97180762      2397334.00000000       139923.56250000       181465.73437500       152912.85937500       125120.27343750       534836.00000000         1831.00000000       424526.00000000         2256.00000000          176.00000000          191.00000000          183.00000000          268.00000000          190.00000000          202.00000000          231.00000000          184.00000000          179.00000000          230.00000000          228.00000000          185.00000000          138.00000000          151.00000000          168.00000000          215.00000000          158.00000000          150.00000000          188.00000000          172.00000000          134.00000000          184.00000000          181.00000000          143.00000000        35703.00000000        28214.00000000        36460.00000000        35734.00000000        37997.00000000        38437.00000000        39984.00000000        39797.00000000        37258.00000000        39435.00000000        41594.00000000        42127.00000000 
        9548.02401261            0.97379047      2407201.75000000       140280.01562500       182738.20312500       154492.87500000       125445.20312500       535698.00000000         1902.00000000       424994.00000000         2202.00000000          147.00000000          174.00000000          194.00000000          271.00000000          197.00000000          182.00000000          206.00000000          196.00000000          154.00000000          233.00000000          225.00000000          197.00000000          119.00000000          131.00000000          164.00000000          250.00000000          182.00000000          138.00000000          194.00000000          158.00000000          146.00000000          172.00000000          198.00000000          181.00000000        35761.00000000        28074.00000000        36428.00000000        35911.00000000        38100.00000000        38509.00000000        39943.00000000        39634.00000000        37255.00000000        39404.00000000        41724.00000000        42325.00000000 
        9552.96730001            0.97576929      2408186.00000000       139948.92187500       182995.15625000       155044.34375000       125170.73437500       535983.00000000         1762.00000000       424952.00000000         2178.00000000          160.00000000          146.00000000          163.00000000          266.00000000          184.00000000          190.00000000          222.00000000          205.00000000          163.00000000          206.00000000          225.00000000          194.00000000          137.00000000          138.00000000          170.00000000          217.00000000          152.00000000          147.00000000          190.00000000          127.00000000          117.00000000          168.00000000          193.00000000          144.00000000        35982.00000000        27925.00000000        36460.00000000        35795.00000000        38200.00000000        38627.00000000        39734.00000000        39643.00000000        37443.00000000        38954.00000000        41928.00000000        42186.00000000 
        9557.56077469            0.97774411      2395665.75000000       140450.35937500       183732.62500000       155946.34375000       125676.69531250       534931.00000000         1825.00000000       424239.00000000         2232.00000000          157.00000000          189.00000000          186.00000000          276.00000000          198.00000000          177.00000000          253.00000000          192.00000000          151.00000000          215.00000000          224.00000000          203.00000000          130.00000000          128.00000000          166.00000000          235.00000000          155.00000000          135.00000000          169.00000000          158.00000000          118.00000000          198.00000000          202.00000000          159.00000000        35983.00000000        28048.00000000        36513.00000000        35695.00000000        38101.00000000        38848.00000000        39771.00000000        39203.00000000        37104.00000000        38829.00000000        41801.00000000        42391.00000000 
        9562.25748680            0.97971495      2401120.75000000       140330.18750000       184195.53125000       156801.75000000       125491.75000000       538895.00000000         1807.00000000       426961.00000000         2249.00000000          158.00000000          166.00000000          189.00000000          256.00000000          195.00000000          200.00000000          222.00000000          173.00000000          160.00000000          230.00000000          266.00000000          200.00000000          117.00000000          130.00000000          153.00000000          193.00000000          150.00000000          164.00000000          192.00000000          158.00000000          116.00000000          192.00000000          224.00000000          148.00000000        36221.00000000        28204.00000000        36532.00000000        35769.00000000        38155.00000000        39198.00000000        40072.00000000        40325.00000000        37533.00000000        39151.00000000        41895.00000000        42110.00000000 
        9566.97868435            0.98168183      2401472.25000000       140823.48437500       185165.90625000       158066.60937500       125881.72656250       541879.00000000         1873.00000000       429935.00000000         2202.00000000          185.00000000          179.00000000          192.00000000          251.00000000          217.00000000          191.00000000          210.00000000          192.00000000          146.00000000          225.00000000          209.00000000          184.00000000          116.00000000          165.00000000          154.00000000          241.00000000          174.00000000          153.00000000          185.00000000          150.00000000          154.00000000          191.00000000          201.00000000          154.00000000        36266.00000000        27818.00000000        36835.00000000        35936.00000000        38357.00000000        39261.00000000        40817.00000000        40176.00000000        37893.00000000        39641.00000000        42250.00000000        42503.00000000 
        9571.84313973            0.98364478      2401147.25000000       140768.25000000       185648.75000000       158874.95312500       125881.42187500       541134.00000000         1871.00000000       429394.00000000         2216.00000000          164.00000000          158.00000000          182.00000000          234.00000000          206.00000000          180.00000000          239.00000000          181.00000000          176.00000000          223.00000000          236.00000000          195.00000000          130.00000000          130.00000000          167.00000000          235.00000000          147.00000000          175.00000000          201.00000000          160.00000000          128.00000000          179.00000000          193.00000000          156.00000000        36167.00000000        28153.00000000        36915.00000000        35906.00000000        38424.00000000        38931.00000000        40696.00000000        40473.00000000        37632.00000000        39345.00000000        42220.00000000        42685.00000000 
        9576.98993402            0.98560382      2408418.75000000       140602.48437500       186139.06250000       159769.75000000       125849.35937500       537863.00000000         1830.00000000       426459.00000000         2208.00000000          156.00000000          181.00000000          173.00000000          249.00000000          205.00000000          195.00000000          231.00000000          186.00000000          175.00000000          217.00000000          230.00000000          191.00000000          128.00000000          145.00000000          173.00000000          210.00000000          158.00000000          142.00000000          205.00000000          139.00000000          147.00000000          184.00000000          180.00000000          164.00000000        36405.00000000        28231.00000000        36516.00000000        36238.00000000        37927.00000000        38622.00000000        40091.00000000        39960.00000000        37077.00000000        39348.00000000        41762.00000000        42513.00000000 
        9581.76567202            0.98755897      2399536.75000000       140673.17187500       186633.85937500       160618.01562500       125849.07812500       541313.00000000         1888.00000000       429132.00000000         2313.00000000          204.00000000          194.00000000          221.00000000          240.00000000          204.00000000          175.00000000          246.00000000          210.00000000          145.00000000          242.00000000          229.00000000          197.00000000          130.00000000          120.00000000          178.00000000          255.00000000          153.00000000          158.00000000          181.00000000          142.00000000          121.00000000          192.00000000          199.00000000          179.00000000        36105.00000000        28098.00000000        36641.00000000        35825.00000000        38184.00000000        39002.00000000        40591.00000000        40437.00000000        37736.00000000        39736.00000000        42327.00000000        42548.00000000 
        9586.34781896            0.98951026      2407126.25000000       140456.26562500       186658.07812500       161045.68750000       125690.24218750       541058.00000000         1821.00000000       429073.00000000         2257.00000000          162.00000000          195.00000000          171.00000000          234.00000000          215.00000000          190.00000000          244.00000000          214.00000000          150.00000000          218.00000000          251.00000000          208.00000000          139.00000000          146.00000000          155.00000000          203.00000000          156.00000000          145.00000000          196.00000000          156.00000000          136.00000000          179.00000000          201.00000000          155.00000000        36137.00000000        28361.00000000        37011.00000000        36098.00000000        38282.00000000        38850.00000000        40167.00000000        40291.00000000        37459.00000000        39880.00000000        42125.00000000        42773.00000000 
        9591.11323862            0.99145771      2402720.00000000       140221.87500000       187113.82812500       161780.89062500       125555.77343750       539278.00000000         1814.00000000       428233.00000000         2267.00000000          171.00000000          175.00000000          189.00000000          258.00000000          190.00000000          189.00000000          232.00000000          218.00000000          176.00000000          225.00000000          230.00000000          189.00000000          130.00000000          151.00000000          169.00000000          197.00000000          163.00000000          141.00000000          180.00000000          144.00000000          116.00000000          193.00000000          216.00000000          165.00000000        36385.00000000        28242.00000000        36705.00000000        36040.00000000        38321.00000000        38790.00000000        40327.00000000        40262.00000000        37274.00000000        39437.00000000        42202.00000000        42490.00000000 
        9596.06248305            0.99340134      2402687.25000000       140232.84375000       187336.92187500       162327.43750000       125609.06250000       538688.00000000         1780.00000000       427380.00000000         2195.00000000          163.00000000          180.00000000          177.00000000          231.00000000          200.00000000          159.00000000          232.00000000          181.00000000          155.00000000          224.00000000          250.00000000          223.00000000          130.00000000          133.00000000          165.00000000          220.00000000          158.00000000          147.00000000          167.00000000          144.00000000          116.00000000          169.00000000          193.00000000          171.00000000        36570.00000000        28081.00000000        36840.00000000        36038.00000000        38313.00000000        38625.00000000        40093.00000000        40086.00000000        37144.00000000        39067.00000000        42081.00000000        42523.00000000 
        9601.17621777            0.99534117      2385020.00000000       139424.32812500       187218.56250000       162538.51562500       124882.54687500       539828.00000000         1840.00000000       427812.00000000         2234.00000000          163.00000000          197.00000000          178.00000000          228.00000000          189.00000000          194.00000000          228.00000000          201.00000000          195.00000000          217.00000000          243.00000000          198.00000000          151.00000000          135.00000000          143.00000000          222.00000000          161.00000000          150.00000000          192.00000000          162.00000000          111.00000000          176.00000000          200.00000000          172.00000000        36224.00000000        28120.00000000        36355.00000000        35727.00000000        38157.00000000        38854.00000000        40956.00000000        39873.00000000        37367.00000000        39603.00000000        42215.00000000        42481.00000000 
        9606.03643913            0.99727724      2420229.25000000       140526.21875000       188943.62500000       164431.00000000       125836.53125000       542130.00000000         1794.00000000       430226.00000000         2257.00000000          168.00000000          175.00000000          165.00000000          272.00000000          192.00000000          186.00000000          229.00000000          216.00000000          155.00000000          242.00000000          229.00000000          203.00000000          129.00000000          152.00000000          172.00000000          212.00000000          161.00000000          157.00000000          194.00000000          170.00000000          111.00000000          145.00000000          181.00000000          162.00000000        36580.00000000        28293.00000000        36814.00000000        36148.00000000        38588.00000000        39264.00000000        40457.00000000        40078.00000000        37712.00000000        39526.00000000        42290.00000000        42769.00000000 
        9610.76204544            0.99920955      2430596.75000000       140043.51562500       188875.09375000       164612.89062500       125385.68750000       543890.00000000         1833.00000000       431668.00000000         2316.00000000          174.00000000          170.00000000          201.00000000          257.00000000          213.00000000          175.00000000          236.00000000          206.00000000          175.00000000          199.00000000          267.00000000          213.00000000          127.00000000          147.00000000          161.00000000          211.00000000          175.00000000          135.00000000          191.00000000          162.00000000          143.00000000          165.00000000          196.00000000          167.00000000        36341.00000000        28047.00000000        37083.00000000        36267.00000000        38491.00000000        38773.00000000        40759.00000000        40681.00000000        37947.00000000        39662.00000000        42364.00000000        43300.00000000 
        9615.81192713            1.00113813      2432170.75000000       139986.26562500       189447.03125000       165412.23437500       125372.62500000       543479.00000000         1817.00000000       431903.00000000         2255.00000000          174.00000000          194.00000000          185.00000000          269.00000000          198.00000000          188.00000000          214.00000000          191.00000000          154.00000000          250.00000000          253.00000000          179.00000000          150.00000000          147.00000000          148.00000000          199.00000000          165.00000000          176.00000000          168.00000000          140.00000000          134.00000000          175.00000000          204.00000000          158.00000000        36564.00000000        28271.00000000        37022.00000000        36286.00000000        38594.00000000        39181.00000000        40598.00000000        40471.00000000        37979.00000000        39819.00000000        42401.00000000        42988.00000000 
        9620.80725953            1.00306300      2432697.25000000       140394.42187500       190384.39062500       166558.00000000       125764.15625000       543531.00000000         1854.00000000       431301.00000000         2301.00000000          173.00000000          185.00000000          205.00000000          267.00000000          198.00000000          191.00000000          206.00000000          197.00000000          179.00000000          247.00000000          239.00000000          199.00000000          126.00000000          133.00000000          139.00000000          221.00000000          156.00000000          161.00000000          189.00000000          178.00000000          127.00000000          170.00000000          230.00000000          157.00000000        36761.00000000        28400.00000000        36919.00000000        36173.00000000        38907.00000000        39000.00000000        40615.00000000        40476.00000000        37406.00000000        39730.00000000        42511.00000000        42803.00000000 
        9625.86793923            1.00498419      2440288.25000000       140330.04687500       190894.23437500       167275.23437500       125696.75781250       544945.00000000         1825.00000000       432405.00000000         2207.00000000          151.00000000          184.00000000          203.00000000          261.00000000          195.00000000          182.00000000          221.00000000          216.00000000          151.00000000          220.00000000          215.00000000          192.00000000          141.00000000          132.00000000          144.00000000          245.00000000          174.00000000          148.00000000          161.00000000          170.00000000          127.00000000          154.00000000          199.00000000          162.00000000        36487.00000000        28536.00000000        37247.00000000        36336.00000000        38354.00000000        39435.00000000        40681.00000000        40171.00000000        38010.00000000        39747.00000000        42768.00000000        43169.00000000 
        9630.67361566            1.00690171      2453635.50000000       140472.07812500       191564.48437500       168177.85937500       125805.39843750       546697.00000000         1852.00000000       433398.00000000         2284.00000000          165.00000000          172.00000000          195.00000000          240.00000000          207.00000000          178.00000000          228.00000000          205.00000000          175.00000000          217.00000000          241.00000000          233.00000000          134.00000000          134.00000000          187.00000000          237.00000000          199.00000000          144.00000000          180.00000000          151.00000000          118.00000000          174.00000000          185.00000000          143.00000000        35961.00000000        28254.00000000        37129.00000000        36338.00000000        38766.00000000        39467.00000000        40884.00000000        40657.00000000        38114.00000000        39936.00000000        42843.00000000        43303.00000000 
        9635.60452613            1.00881559      2458722.25000000       140874.51562500       192657.15625000       169443.90625000       126217.23437500       545766.00000000         1793.00000000       432548.00000000         2277.00000000          163.00000000          186.00000000          199.00000000          241.00000000          197.00000000          198.00000000          222.00000000          231.00000000          166.00000000          223.00000000          227.00000000          210.00000000          127.00000000          145.00000000          163.00000000          206.00000000          155.00000000          155.00000000          174.00000000          165.00000000          124.00000000          157.00000000          205.00000000          162.00000000        37089.00000000        28441.00000000        37297.00000000        36416.00000000        38578.00000000        39274.00000000        40860.00000000        40280.00000000        37593.00000000        39635.00000000        42453.00000000        43073.00000000 
        9640.88190126            1.01072584      2472935.25000000       140930.35937500       193030.23437500       170173.35937500       126253.83593750       547315.00000000         1811.00000000       433755.00000000         2288.00000000          185.00000000          165.00000000          168.00000000          266.00000000          211.00000000          184.00000000          258.00000000          213.00000000          159.00000000          219.00000000          221.00000000          204.00000000          115.00000000          163.00000000          134.00000000          221.00000000          159.00000000          131.00000000          197.00000000          168.00000000          121.00000000          207.00000000          188.00000000          170.00000000        36677.00000000        28643.00000000        37094.00000000        36447.00000000        38874.00000000        39746.00000000        41058.00000000        40824.00000000        37974.00000000        39729.00000000        42335.00000000        42997.00000000 
        9645.80340509            1.01263249      2475303.75000000       140732.65625000       193625.79687500       171111.28125000       126165.49218750       544927.00000000         1805.00000000       432331.00000000         2296.00000000          188.00000000          173.00000000          199.00000000          278.00000000          206.00000000          200.00000000          221.00000000          168.00000000          163.00000000          206.00000000          251.00000000          216.00000000          144.00000000          133.00000000          161.00000000          214.00000000          152.00000000          130.00000000          181.00000000          148.00000000          134.00000000          153.00000000          209.00000000          179.00000000        36968.00000000        28391.00000000        37277.00000000        36390.00000000        38822.00000000        39018.00000000        40879.00000000        40428.00000000        37945.00000000        39767.00000000        42179.00000000        42658.00000000 
        9650.64957024            1.01453555      2470865.75000000       141134.37500000       194233.76562500       172105.59375000       126493.83593750       547175.00000000         1850.00000000       434441.00000000         2345.00000000          181.00000000          191.00000000          201.00000000          248.00000000          206.00000000          188.00000000          243.00000000          200.00000000          155.00000000          237.00000000          283.00000000          203.00000000          136.00000000          144.00000000          163.00000000          210.00000000          178.00000000          149.00000000          197.00000000          153.00000000          138.00000000          177.00000000          189.00000000          160.00000000        36811.00000000        28467.00000000        37084.00000000        36648.00000000        38737.00000000        39292.00000000        41265.00000000        40605.00000000        38147.00000000        40070.00000000        42492.00000000        43290.00000000 
        9655.86324035            1.01643505      2470405.25000000       140326.48437500       194251.15625000       172505.32812500       125875.32031250       544101.00000000         1862.00000000       432279.00000000         2262.00000000          156.00000000          191.00000000          199.00000000          265.00000000          196.00000000          199.00000000          241.00000000          201.00000000          158.00000000          202.00000000          248.00000000          197.00000000          130.00000000          153.00000000          161.00000000          242.00000000          185.00000000          143.00000000          165.00000000          158.00000000          134.00000000          178.00000000          194.00000000          172.00000000        36867.00000000        28480.00000000        37190.00000000        36727.00000000        38468.00000000        39249.00000000        40491.00000000        40637.00000000        37925.00000000        39444.00000000        42396.00000000        42885.00000000 
        9661.02218050            1.01833101      2470752.00000000       140944.00000000       195532.95312500       174197.46875000       126425.96875000       545243.00000000         1898.00000000       431830.00000000         2230.00000000          189.00000000          181.00000000          185.00000000          289.00000000          190.00000000          175.00000000          232.00000000          202.00000000          170.00000000          197.00000000          215.00000000          186.00000000          150.00000000          129.00000000          171.00000000          244.00000000          159.00000000          150.00000000          177.00000000          159.00000000          131.00000000          177.00000000          208.00000000          172.00000000        36517.00000000        28932.00000000        37126.00000000        36280.00000000        38772.00000000        39298.00000000        40748.00000000        40439.00000000        37768.00000000        39368.00000000        42612.00000000        42902.00000000 
        9666.18675690            1.02022345      2492184.25000000       140539.92187500       195196.17187500       174308.01562500       125977.84375000       549590.00000000         1878.00000000       435100.00000000         2249.00000000          152.00000000          164.00000000          201.00000000          258.00000000          217.00000000          187.00000000          235.00000000          208.00000000          152.00000000          202.00000000          225.00000000          212.00000000          133.00000000          156.00000000          171.00000000          194.00000000          180.00000000          140.00000000          212.00000000          161.00000000          118.00000000          194.00000000          214.00000000          161.00000000        36982.00000000        28506.00000000        37398.00000000        36732.00000000        38753.00000000        39612.00000000        40973.00000000        40995.00000000        38248.00000000        39958.00000000        42396.00000000        43053.00000000 
        9671.21553034            1.02211238      2490062.75000000       141085.25000000       196409.81250000       175847.98437500       126483.86718750       549940.00000000         1825.00000000       435269.00000000         2276.00000000          182.00000000          181.00000000          210.00000000          257.00000000          173.00000000          198.00000000          236.00000000          175.00000000          153.00000000          244.00000000          231.00000000          217.00000000          124.00000000          137.00000000          142.00000000          210.00000000          151.00000000          142.00000000          196.00000000          170.00000000          117.00000000          196.00000000          222.00000000          155.00000000        36874.00000000        28658.00000000        37362.00000000        36653.00000000        38876.00000000        39109.00000000        41011.00000000        40558.00000000        38132.00000000        40110.00000000        43092.00000000        43492.00000000 
        9676.35079480            1.02399783      2492809.75000000       141027.98437500       196855.85937500       176830.34375000       126411.75000000       551763.00000000         1870.00000000       437195.00000000         2295.00000000          164.00000000          197.00000000          212.00000000          255.00000000          217.00000000          196.00000000          227.00000000          186.00000000          195.00000000          227.00000000          227.00000000          189.00000000          145.00000000          139.00000000          180.00000000          210.00000000          161.00000000          137.00000000          186.00000000          160.00000000          117.00000000          186.00000000          200.00000000          188.00000000        37082.00000000        28648.00000000        37456.00000000        36693.00000000        38880.00000000        39848.00000000        41072.00000000        41031.00000000        38054.00000000        40497.00000000        43081.00000000        43501.00000000 
        9681.71439551            1.02587981      2492822.25000000       140568.12500000       197171.32812500       177554.10937500       126045.06250000       550997.00000000         1990.00000000       436656.00000000         2249.00000000          149.00000000          206.00000000          184.00000000          269.00000000          191.00000000          208.00000000          211.00000000          186.00000000          167.00000000          187.00000000          280.00000000          217.00000000          157.00000000          144.00000000          175.00000000          260.00000000          166.00000000          142.00000000          211.00000000          157.00000000          127.00000000          192.00000000          221.00000000          182.00000000        37108.00000000        28706.00000000        37387.00000000        36469.00000000        39008.00000000        39609.00000000        41331.00000000        41034.00000000        37910.00000000        40192.00000000        43204.00000000        43404.00000000 
        9686.75969550            1.02775835      2490014.00000000       140520.67187500       197778.21875000       178549.29687500       125998.96093750       552145.00000000         1851.00000000       437664.00000000         2306.00000000          177.00000000          197.00000000          211.00000000          262.00000000          213.00000000          199.00000000          216.00000000          207.00000000          158.00000000          208.00000000          250.00000000          205.00000000          122.00000000          148.00000000          179.00000000          226.00000000          167.00000000          139.00000000          172.00000000          160.00000000          112.00000000          201.00000000          219.00000000          154.00000000        37146.00000000        28699.00000000        37747.00000000        36407.00000000        39234.00000000        39507.00000000        41240.00000000        41102.00000000        38270.00000000        40312.00000000        42924.00000000        43775.00000000 
        9691.74948754            1.02963346      2485459.25000000       141560.62500000       199296.51562500       180389.87500000       126980.39843750       551243.00000000         1820.00000000       436938.00000000         2204.00000000          145.00000000          182.00000000          183.00000000          234.00000000          181.00000000          209.00000000          246.00000000          229.00000000          163.00000000          204.00000000          210.00000000          200.00000000          117.00000000          149.00000000          148.00000000          227.00000000          179.00000000          141.00000000          196.00000000          173.00000000          137.00000000          170.00000000          182.00000000          150.00000000        36787.00000000        28745.00000000        37642.00000000        36782.00000000        39118.00000000        39747.00000000        41486.00000000        41034.00000000        38120.00000000        40127.00000000        42760.00000000        43335.00000000 
        9697.33372829            1.03150516      2494705.75000000       140909.98437500       199291.23437500       180821.87500000       126405.98437500       551883.00000000         1848.00000000       437643.00000000         2209.00000000          167.00000000          168.00000000          191.00000000          270.00000000          179.00000000          172.00000000          211.00000000          219.00000000          170.00000000          212.00000000          243.00000000          175.00000000          120.00000000          160.00000000          178.00000000          208.00000000          167.00000000          156.00000000          176.00000000          177.00000000          132.00000000          194.00000000          200.00000000          140.00000000        36875.00000000        28594.00000000        37262.00000000        36972.00000000        39090.00000000        39689.00000000        41396.00000000        41074.00000000        37977.00000000        40421.00000000        43080.00000000        43807.00000000 
        9702.57874237            1.03337347      2494049.75000000       141165.68750000       200381.29687500       182203.21875000       126654.33593750       552138.00000000         1863.00000000       437281.00000000         2368.00000000          196.00000000          174.00000000          203.00000000          257.00000000          226.00000000          187.00000000          222.00000000          199.00000000          177.00000000          241.00000000          249.00000000          211.00000000          133.00000000          119.00000000          151.00000000          220.00000000          151.00000000          175.00000000          189.00000000          158.00000000          139.00000000          194.00000000          179.00000000          174.00000000        37094.00000000        28609.00000000        37612.00000000        36414.00000000        39053.00000000        39760.00000000        41114.00000000        41072.00000000        38353.00000000        40242.00000000        43004.00000000        43563.00000000 
        9707.60556597            1.03523841      2506901.25000000       141121.79687500       200611.79687500       182870.96875000       126625.00000000       552739.00000000         1866.00000000       437983.00000000         2250.00000000          164.00000000          184.00000000          182.00000000          259.00000000          217.00000000          179.00000000          249.00000000          190.00000000          149.00000000          219.00000000          249.00000000          193.00000000          129.00000000          133.00000000          159.00000000          244.00000000          145.00000000          155.00000000          195.00000000          162.00000000          125.00000000          196.00000000          187.00000000          169.00000000        37229.00000000        28893.00000000        37694.00000000        36823.00000000        39347.00000000        39391.00000000        41225.00000000        41170.00000000        38237.00000000        40113.00000000        43252.00000000        43502.00000000 
        9713.12695160            1.03709999      2511629.00000000       141208.29687500       201116.68750000       183884.12500000       126705.92187500       553603.00000000         1896.00000000       438582.00000000         2335.00000000          180.00000000          164.00000000          209.00000000          264.00000000          203.00000000          201.00000000          263.00000000          193.00000000          154.00000000          230.00000000          226.00000000          212.00000000          127.00000000          152.00000000          157.00000000          242.00000000          180.00000000          146.00000000          159.00000000          164.00000000          106.00000000          211.00000000          233.00000000          171.00000000        37183.00000000        29039.00000000        37655.00000000        37115.00000000        38893.00000000        39811.00000000        41373.00000000        41264.00000000        38321.00000000        40321.00000000        43088.00000000        43558.00000000 
        9718.51189203            1.03895824      2512825.00000000       140923.21875000       201344.01562500       184460.68750000       126455.32031250       554389.00000000         1837.00000000       439198.00000000         2262.00000000          177.00000000          157.00000000          205.00000000          236.00000000          203.00000000          179.00000000          260.00000000          184.00000000          181.00000000          220.00000000          219.00000000          198.00000000          112.00000000          121.00000000          123.00000000          229.00000000          171.00000000          158.00000000          190.00000000          139.00000000          134.00000000          193.00000000          210.00000000          178.00000000        37071.00000000        28612.00000000        37447.00000000        36950.00000000        39027.00000000        39781.00000000        41349.00000000        41385.00000000        38588.00000000        40357.00000000        43262.00000000        43981.00000000 
        9723.63732460            1.04081317      2409462.50000000       130294.48437500       186805.68750000       171546.60937500       117765.47656250       518832.00000000         1742.00000000       411504.00000000         2016.00000000          149.00000000          170.00000000          160.00000000          204.00000000          184.00000000          206.00000000          225.00000000          176.00000000          144.00000000          191.00000000          205.00000000          172.00000000          120.00000000          135.00000000          151.00000000          204.00000000          158.00000000          135.00000000          176.00000000          173.00000000          127.00000000          183.00000000          173.00000000          142.00000000        34677.00000000        26973.00000000        35129.00000000        34538.00000000        36820.00000000        37219.00000000        38882.00000000        38561.00000000        35913.00000000        37861.00000000        40798.00000000        41106.00000000 
        9729.07508911            1.04266480      2544612.50000000       141371.09375000       203404.71875000       187269.87500000       126851.40625000       556597.00000000         1890.00000000       440726.00000000         2348.00000000          170.00000000          192.00000000          202.00000000          275.00000000          221.00000000          202.00000000          238.00000000          181.00000000          174.00000000          235.00000000          248.00000000          202.00000000          162.00000000          147.00000000          173.00000000          227.00000000          164.00000000          127.00000000          183.00000000          137.00000000          143.00000000          208.00000000          202.00000000          164.00000000        37793.00000000        28798.00000000        37857.00000000        37048.00000000        39469.00000000        39738.00000000        41547.00000000        41311.00000000        38327.00000000        40343.00000000        43343.00000000        43950.00000000 
        9734.45763718            1.04451315      2527222.75000000       141777.17187500       204396.21875000       188632.60937500       127238.77343750       556674.00000000         1854.00000000       440850.00000000         2343.00000000          167.00000000          202.00000000          207.00000000          272.00000000          192.00000000          187.00000000          226.00000000          194.00000000          171.00000000          254.00000000          248.00000000          225.00000000          128.00000000          151.00000000          131.00000000          239.00000000          164.00000000          152.00000000          194.00000000          142.00000000          122.00000000          205.00000000          199.00000000          178.00000000        37177.00000000        28820.00000000        38013.00000000        37162.00000000        39478.00000000        40079.00000000        41533.00000000        41348.00000000        38399.00000000        40367.00000000        43408.00000000        43886.00000000 
        9739.78477092            1.04635824      2538936.50000000       141540.59375000       204505.07812500       189061.68750000       127036.11718750       557274.00000000         1911.00000000       440930.00000000         2365.00000000          172.00000000          190.00000000          213.00000000          281.00000000          209.00000000          203.00000000          224.00000000          191.00000000          171.00000000          217.00000000          255.00000000          229.00000000          133.00000000          164.00000000          159.00000000          250.00000000          152.00000000          146.00000000          195.00000000          156.00000000          124.00000000          222.00000000          205.00000000          169.00000000        37629.00000000        28984.00000000        37815.00000000        37178.00000000        39423.00000000        39893.00000000        41459.00000000        41330.00000000        38658.00000000        40553.00000000        43165.00000000        43827.00000000 
        9745.13838726            1.04820007      2541673.50000000       141291.37500000       204718.29687500       189671.10937500       126861.42187500       556303.00000000         1855.00000000       440518.00000000         2278.00000000          197.00000000          183.00000000          215.00000000          232.00000000          195.00000000          179.00000000          233.00000000          203.00000000          150.00000000          216.00000000          242.00000000          216.00000000          115.00000000          144.00000000          177.00000000          229.00000000          170.00000000          171.00000000          175.00000000          162.00000000          126.00000000          167.00000000          208.00000000          155.00000000        37182.00000000        29118.00000000        37737.00000000        37073.00000000        39365.00000000        39770.00000000        41629.00000000        41524.00000000        38772.00000000        40250.00000000        43460.00000000        43756.00000000 
        9750.55965870            1.05003868      2545316.00000000       140892.54687500       204728.93750000       190058.95312500       126483.93750000       558055.00000000         1883.00000000       442080.00000000         2410.00000000          185.00000000          182.00000000          202.00000000          271.00000000          179.00000000          184.00000000          251.00000000          219.00000000          199.00000000          240.00000000          260.00000000          220.00000000          145.00000000          134.00000000          173.00000000          235.00000000          169.00000000          178.00000000          190.00000000          162.00000000          139.00000000          142.00000000          194.00000000          156.00000000        37267.00000000        28774.00000000        37653.00000000        37243.00000000        39737.00000000        40031.00000000        41948.00000000        41366.00000000        38631.00000000        40782.00000000        43328.00000000        44094.00000000 
        9756.02823529            1.05187407      2517735.75000000       137976.06250000       201329.92187500       187364.14062500       124173.91406250       546386.00000000         1823.00000000       432875.00000000         2186.00000000          147.00000000          198.00000000          194.00000000          250.00000000          192.00000000          197.00000000          214.00000000          173.00000000          156.00000000          220.00000000          240.00000000          203.00000000          124.00000000          168.00000000          151.00000000          211.00000000          170.00000000          144.00000000          205.00000000          147.00000000          137.00000000          174.00000000          202.00000000          158.00000000        36959.00000000        28301.00000000        37061.00000000        36367.00000000        38753.00000000        39290.00000000        40803.00000000        40325.00000000        37958.00000000        40114.00000000        42367.00000000        42878.00000000 
        9761.31773925            1.05370626      2558714.00000000       142233.93750000       208110.28125000       194011.68750000       127612.17187500       563026.00000000         1874.00000000       446125.00000000         2412.00000000          173.00000000          190.00000000          187.00000000          270.00000000          219.00000000          216.00000000          243.00000000          201.00000000          160.00000000          255.00000000          269.00000000          219.00000000          136.00000000          157.00000000          179.00000000          226.00000000          160.00000000          161.00000000          182.00000000          153.00000000          156.00000000          174.00000000          203.00000000          144.00000000        37828.00000000        29122.00000000        37901.00000000        37356.00000000        40008.00000000        40597.00000000        41945.00000000        41895.00000000        39215.00000000        40840.00000000        44096.00000000        44444.00000000 
        9766.90173694            1.05553528      2563545.50000000       141169.20312500       207244.03125000       193651.62500000       126740.83593750       560634.00000000         1922.00000000       444123.00000000         2264.00000000          163.00000000          185.00000000          190.00000000          256.00000000          194.00000000          201.00000000          229.00000000          210.00000000          153.00000000          233.00000000          246.00000000          189.00000000          139.00000000          165.00000000          184.00000000          242.00000000          162.00000000          148.00000000          204.00000000          178.00000000          134.00000000          172.00000000          197.00000000          162.00000000        37648.00000000        29089.00000000        37877.00000000        37537.00000000        39705.00000000        40343.00000000        42068.00000000        41562.00000000        38846.00000000        41000.00000000        43545.00000000        43992.00000000 
        9772.47162244            1.05736113      2562324.25000000       140797.89062500       207406.21875000       194191.98437500       126470.35156250       559066.00000000         1974.00000000       442180.00000000         2343.00000000          176.00000000          178.00000000          221.00000000          263.00000000          198.00000000          224.00000000          214.00000000          197.00000000          170.00000000          224.00000000          241.00000000          215.00000000          137.00000000          162.00000000          188.00000000          228.00000000          159.00000000          148.00000000          196.00000000          185.00000000          142.00000000          189.00000000          227.00000000          175.00000000        37500.00000000        29303.00000000        37972.00000000        37059.00000000        39181.00000000        40156.00000000        41816.00000000        41588.00000000        38508.00000000        40619.00000000        43809.00000000        43972.00000000 
        9777.80002313            1.05918383      2559960.50000000       140785.85937500       207668.68750000       194802.62500000       126540.84375000       556740.00000000         1879.00000000       441086.00000000         2302.00000000          171.00000000          185.00000000          218.00000000          249.00000000          203.00000000          191.00000000          216.00000000          211.00000000          160.00000000          257.00000000          230.00000000          196.00000000          137.00000000          137.00000000          149.00000000          245.00000000          138.00000000          169.00000000          205.00000000          136.00000000          137.00000000          209.00000000          210.00000000          144.00000000        37461.00000000        28922.00000000        37698.00000000        37427.00000000        39416.00000000        39875.00000000        41662.00000000        41376.00000000        38224.00000000        40532.00000000        43353.00000000        44062.00000000 
        9783.36192678            1.06100341      2562005.25000000       140398.23437500       208005.57812500       195628.67187500       126231.49218750       556108.00000000         1821.00000000       440607.00000000         2279.00000000          174.00000000          208.00000000          220.00000000          235.00000000          195.00000000          196.00000000          207.00000000          201.00000000          171.00000000          227.00000000          244.00000000          209.00000000          144.00000000          130.00000000          172.00000000          241.00000000          163.00000000          163.00000000          158.00000000          148.00000000          113.00000000          189.00000000          170.00000000          160.00000000        37562.00000000        28721.00000000        38006.00000000        36756.00000000        39318.00000000        39987.00000000        41299.00000000        41428.00000000        38682.00000000        40511.00000000        43458.00000000        43600.00000000 
        9788.97172128            1.06281986      2556319.25000000       140713.95312500       208776.82812500       196970.07812500       126479.98437500       558498.00000000         1925.00000000       443122.00000000         2249.00000000          172.00000000          184.00000000          199.00000000          255.00000000          184.00000000          155.00000000          237.00000000          189.00000000          184.00000000          194.00000000          256.00000000          224.00000000          130.00000000          171.00000000          147.00000000          243.00000000          165.00000000          151.00000000          212.00000000          156.00000000          125.00000000          207.00000000          215.00000000          174.00000000        37763.00000000        29107.00000000        37744.00000000        37171.00000000        40012.00000000        40077.00000000        41880.00000000        41837.00000000        38870.00000000        40506.00000000        43255.00000000        44007.00000000 
        9794.35999100            1.06463322      2553613.50000000       140268.07812500       208613.50000000       197164.87500000       126149.78125000       556567.00000000         1954.00000000       440848.00000000         2309.00000000          160.00000000          194.00000000          196.00000000          279.00000000          207.00000000          204.00000000          217.00000000          217.00000000          147.00000000          235.00000000          252.00000000          195.00000000          138.00000000          153.00000000          173.00000000          237.00000000          163.00000000          168.00000000          204.00000000          167.00000000          144.00000000          174.00000000          205.00000000          181.00000000        37408.00000000        28978.00000000        38179.00000000        36943.00000000        39556.00000000        40190.00000000        41441.00000000        41458.00000000        38285.00000000        40506.00000000        43128.00000000        43754.00000000 
        9800.06571861            1.06644349      2558304.25000000       139489.50000000       208311.45312500       197490.98437500       125487.01562500       555971.00000000         1813.00000000       441061.00000000         2330.00000000          178.00000000          187.00000000          216.00000000          292.00000000          213.00000000          207.00000000          210.00000000          186.00000000          182.00000000          240.00000000          232.00000000          174.00000000          133.00000000          130.00000000          156.00000000          229.00000000          160.00000000          115.00000000          187.00000000          172.00000000          144.00000000          171.00000000          185.00000000          161.00000000        37476.00000000        28608.00000000        37762.00000000        37201.00000000        39280.00000000        40383.00000000        41415.00000000        41431.00000000        38609.00000000        40495.00000000        43102.00000000        43907.00000000 
        9805.65352973            1.06825070      2546453.25000000       139158.32812500       207768.82812500       197450.48437500       125280.79687500       553117.00000000         1939.00000000       438320.00000000         2277.00000000          161.00000000          210.00000000          203.00000000          254.00000000          206.00000000          176.00000000          241.00000000          179.00000000          153.00000000          234.00000000          244.00000000          226.00000000          150.00000000          151.00000000          182.00000000          238.00000000          185.00000000          141.00000000          200.00000000          169.00000000          124.00000000          176.00000000          203.00000000          171.00000000        37050.00000000        28873.00000000        37680.00000000        36460.00000000        39272.00000000        39803.00000000        41447.00000000        41219.00000000        38228.00000000        40293.00000000        43338.00000000        43530.00000000 
        9811.14380873            1.07005486      2551617.75000000       139512.43750000       209084.50000000       199137.29687500       125447.08593750       560356.00000000         1860.00000000       443921.00000000         2277.00000000          189.00000000          190.00000000          187.00000000          260.00000000          188.00000000          185.00000000          236.00000000          191.00000000          146.00000000          248.00000000          239.00000000          208.00000000          135.00000000          147.00000000          153.00000000          249.00000000          174.00000000          149.00000000          191.00000000          140.00000000          136.00000000          158.00000000          203.00000000          172.00000000        37500.00000000        28724.00000000        37657.00000000        36565.00000000        40114.00000000        39976.00000000        42004.00000000        41592.00000000        39017.00000000        40735.00000000        44297.00000000        44464.00000000 
        9816.99453036            1.07185597      2562399.50000000       139437.95312500       209300.59375000       199844.50000000       125515.48437500       555691.00000000         1903.00000000       439904.00000000         2401.00000000          185.00000000          187.00000000          198.00000000          254.00000000          229.00000000          192.00000000          241.00000000          215.00000000          182.00000000          229.00000000          248.00000000          228.00000000          142.00000000          139.00000000          150.00000000          255.00000000          170.00000000          165.00000000          169.00000000          178.00000000          114.00000000          195.00000000          221.00000000          144.00000000        37353.00000000        28650.00000000        38099.00000000        37057.00000000        39286.00000000        39503.00000000        41237.00000000        41262.00000000        38560.00000000        40631.00000000        43314.00000000        43602.00000000 
        9822.58122060            1.07365407      2562166.50000000       139406.81250000       210159.03125000       201098.04687500       125457.50781250       557867.00000000         1879.00000000       442231.00000000         2395.00000000          168.00000000          211.00000000          192.00000000          265.00000000          212.00000000          208.00000000          240.00000000          212.00000000          160.00000000          227.00000000          264.00000000          247.00000000          137.00000000          155.00000000          162.00000000          228.00000000          152.00000000          147.00000000          202.00000000          169.00000000          133.00000000          183.00000000          205.00000000          161.00000000        37474.00000000        28780.00000000        37907.00000000        37057.00000000        39348.00000000        40218.00000000        41454.00000000        41672.00000000        38794.00000000        40892.00000000        43670.00000000        43745.00000000 
        9827.42270576            1.07525556      2563050.50000000       139408.42187500       210759.81250000       202184.50000000       125493.96093750       557243.00000000         1884.00000000       441045.00000000         2312.00000000          176.00000000          177.00000000          193.00000000          282.00000000          217.00000000          199.00000000          239.00000000          194.00000000          154.00000000          229.00000000          226.00000000          203.00000000          140.00000000          135.00000000          163.00000000          246.00000000          169.00000000          148.00000000          168.00000000          179.00000000          125.00000000          200.00000000          203.00000000          143.00000000        37091.00000000        29017.00000000        37751.00000000        37069.00000000        39477.00000000        40256.00000000        41620.00000000        41249.00000000        38545.00000000        40445.00000000        43437.00000000        44105.00000000 
